# Tessera TSV interconnect transfer function (single signal line, center signal + ground ring).
# geometry: radius=5um pitch=60um height=100um liner=0.5um. See README.md for provenance/caveats.
# columns: freq_hz, s21_re, s21_im, s21_abs_db, s21_phase_deg, s11_re, s11_im, s11_abs_db
freq_hz,s21_re,s21_im,s21_abs_db,s21_phase_deg,s11_re,s11_im,s11_abs_db
1.000000e+09,9.75312831e-01,5.70321776e-02,-0.2023,3.3466,1.24537097e-02,-2.12972104e-01,-13.4187
1.250000e+09,9.75890835e-01,7.27904366e-02,-0.1879,4.2657,1.53051202e-02,-2.05193528e-01,-13.7326
1.500000e+09,9.75843688e-01,8.65893996e-02,-0.1783,5.0707,1.77281688e-02,-1.99792604e-01,-13.9544
1.750000e+09,9.74727041e-01,9.93547634e-02,-0.1774,5.8201,2.02901653e-02,-1.99058123e-01,-13.9755
2.000000e+09,9.72589521e-01,1.11314965e-01,-0.1849,6.5292,2.32142432e-02,-2.02829240e-01,-13.8009
2.250000e+09,9.69601716e-01,1.22394266e-01,-0.1995,7.1945,2.65350613e-02,-2.10209528e-01,-13.4783
2.500000e+09,9.65769619e-01,1.32565289e-01,-0.2215,7.8158,3.03213719e-02,-2.20898397e-01,-13.0351
2.750000e+09,9.60861102e-01,1.41846534e-01,-0.2532,8.3976,3.47522317e-02,-2.35409825e-01,-12.4699
3.000000e+09,9.54515506e-01,1.50077626e-01,-0.2983,8.9354,4.00164433e-02,-2.54510393e-01,-11.7798
3.250000e+09,9.46412945e-01,1.56740645e-01,-0.3609,9.4037,4.61370055e-02,-2.78579045e-01,-10.9835
3.500000e+09,9.36368378e-01,1.61009487e-01,-0.4445,9.7567,5.28581489e-02,-3.07402378e-01,-10.1193
3.750000e+09,9.24314416e-01,1.61963093e-01,-0.5523,9.9388,5.96418662e-02,-3.40372833e-01,-9.2296
4.000000e+09,9.10206281e-01,1.58807433e-01,-0.6870,9.8970,6.57428556e-02,-3.76805789e-01,-8.3474
4.250000e+09,8.93920838e-01,1.51000090e-01,-0.8518,9.5878,7.02920749e-02,-4.16129226e-01,-7.4933
4.500000e+09,8.75198866e-01,1.38298529e-01,-1.0508,8.9796,7.23558875e-02,-4.57892004e-01,-6.6776
4.750000e+09,8.53632161e-01,1.20777003e-01,-1.2885,8.0531,7.09812467e-02,-5.01683876e-01,-5.9053
5.000000e+09,8.28679984e-01,9.88192115e-02,-1.5709,6.8003,6.52356628e-02,-5.47054436e-01,-5.1781
5.250000e+09,7.99724610e-01,7.31104723e-02,-1.9050,5.2234,5.42505795e-02,-5.93424200e-01,-4.4965
5.500000e+09,7.66144781e-01,4.46147835e-02,-2.2991,3.3327,3.72709518e-02,-6.40033258e-01,-3.8612
5.750000e+09,7.27449736e-01,1.45745691e-02,-2.7622,1.1478,1.37414831e-02,-6.85868526e-01,-3.2734
6.000000e+09,6.83418341e-01,-1.55332601e-02,-3.3040,-1.3020,-1.65845772e-02,-7.29673242e-01,-2.7352
6.250000e+09,6.34277296e-01,-4.40759512e-02,-3.9335,-3.9751,-5.35067244e-02,-7.69991333e-01,-2.2494
6.500000e+09,5.80837983e-01,-6.94288451e-02,-4.6573,-6.8163,-9.62616948e-02,-8.05320160e-01,-1.8190
6.750000e+09,5.24556138e-01,-9.02107830e-02,-5.4776,-9.7580,-1.43485145e-01,-8.34334996e-01,-1.4466
7.000000e+09,4.67419996e-01,-1.05552500e-01,-6.3899,-12.7251,-1.93336010e-01,-8.56153260e-01,-1.1330
7.250000e+09,4.11710353e-01,-1.15279838e-01,-7.3804,-15.6424,-2.43745676e-01,-8.70513176e-01,-0.8767
7.500000e+09,3.59658503e-01,-1.19950710e-01,-8.4242,-18.4442,-2.92760565e-01,-8.77809114e-01,-0.6740
7.750000e+09,3.13177881e-01,-1.20716714e-01,-9.4826,-21.0795,-3.38799657e-01,-8.78954994e-01,-0.5191
8.000000e+09,2.73645354e-01,-1.19078453e-01,-10.5031,-23.5166,-3.80831466e-01,-8.75160521e-01,-0.4051
8.250000e+09,2.41807817e-01,-1.16598735e-01,-11.4227,-25.7432,-4.18394770e-01,-8.67686309e-01,-0.3248
8.500000e+09,2.17777267e-01,-1.14644777e-01,-12.1774,-27.7637,-4.51498502e-01,-8.57658871e-01,-0.2714
8.750000e+09,2.01070684e-01,-1.14205146e-01,-12.7187,-29.5959,-4.80494236e-01,-8.45962797e-01,-0.2387
9.000000e+09,1.90755486e-01,-1.15824516e-01,-13.0274,-31.2656,-5.05917485e-01,-8.33213373e-01,-0.2219
9.250000e+09,1.85650027e-01,-1.19659937e-01,-13.1172,-32.8036,-5.28381511e-01,-8.19773472e-01,-0.2172
9.500000e+09,1.84561960e-01,-1.25623197e-01,-13.0238,-34.2414,-5.48478311e-01,-8.05808437e-01,-0.2221
9.750000e+09,1.86447501e-01,-1.33543010e-01,-12.7904,-35.6121,-5.66774941e-01,-7.91308891e-01,-0.2346
1.000000e+10,1.90500552e-01,-1.43294247e-01,-12.4547,-36.9504,-5.83795083e-01,-7.76118290e-01,-0.2541
1.025000e+10,1.96151152e-01,-1.54874418e-01,-12.0439,-38.2934,-6.00023913e-01,-7.59940750e-01,-0.2801
1.050000e+10,2.03025199e-01,-1.68414768e-01,-11.5750,-39.6766,-6.15840436e-01,-7.42400022e-01,-0.3132
1.075000e+10,2.10842788e-01,-1.84107859e-01,-11.0596,-41.1275,-6.31443770e-01,-7.23137871e-01,-0.3543
1.100000e+10,2.19317781e-01,-2.02063407e-01,-10.5095,-42.6552,-6.46754770e-01,-7.01981736e-01,-0.4045
1.125000e+10,2.28066810e-01,-2.22110448e-01,-9.9419,-44.2420,-6.61391046e-01,-6.79127649e-01,-0.4641
1.150000e+10,2.36610927e-01,-2.43648454e-01,-9.3799,-45.8395,-6.74748754e-01,-6.55259352e-01,-0.5323
1.175000e+10,2.44486779e-01,-2.65708803e-01,-8.8481,-47.3819,-6.86238185e-01,-6.31428697e-01,-0.6067
1.200000e+10,2.51390819e-01,-2.87252969e-01,-8.3651,-48.8091,-6.95536134e-01,-6.08701795e-01,-0.6840
1.225000e+10,2.57246989e-01,-3.07543207e-01,-7.9383,-50.0889,-7.02687290e-01,-5.87768436e-01,-0.7611
1.250000e+10,2.62146991e-01,-3.26321657e-01,-7.5645,-51.2237,-7.08015640e-01,-5.68776745e-01,-0.8365
1.275000e+10,2.66243480e-01,-3.43712079e-01,-7.2348,-52.2382,-7.11935928e-01,-5.51474070e-01,-0.9099
1.300000e+10,2.69673708e-01,-3.60007845e-01,-6.9394,-53.1640,-7.14815645e-01,-5.35452179e-01,-0.9818
1.325000e+10,2.72534779e-01,-3.75496521e-01,-6.6701,-54.0279,-7.16919901e-01,-5.20339325e-01,-1.0528
1.350000e+10,2.74887511e-01,-3.90385566e-01,-6.4213,-54.8490,-7.18421551e-01,-5.05871962e-01,-1.1236
1.375000e+10,2.76774614e-01,-4.04774625e-01,-6.1898,-55.6367,-7.19420842e-01,-4.91921710e-01,-1.1944
1.400000e+10,2.78231704e-01,-4.18699169e-01,-5.9736,-56.3954,-7.19982293e-01,-4.78438734e-01,-1.2652
1.425000e+10,2.79293645e-01,-4.32146568e-01,-5.7715,-57.1257,-7.20152309e-01,-4.65429968e-01,-1.3357
1.450000e+10,2.80000438e-01,-4.45075994e-01,-5.5832,-57.8257,-7.19968661e-01,-4.52937349e-01,-1.4056
1.475000e+10,2.80393455e-01,-4.57450294e-01,-5.4079,-58.4938,-7.19471210e-01,-4.40998772e-01,-1.4745
1.500000e+10,2.80517781e-01,-4.69225206e-01,-5.2453,-59.1277,-7.18699262e-01,-4.29661322e-01,-1.5420
1.525000e+10,2.80418348e-01,-4.80371797e-01,-5.0949,-59.7256,-7.17693907e-01,-4.18955777e-01,-1.6077
1.550000e+10,2.80138678e-01,-4.90867388e-01,-4.9563,-60.2865,-7.16496802e-01,-4.08905687e-01,-1.6713
1.575000e+10,2.79721716e-01,-5.00695019e-01,-4.8288,-60.8094,-7.15147885e-01,-3.99529427e-01,-1.7324
1.600000e+10,2.79206119e-01,-5.09849183e-01,-4.7121,-61.2938,-7.13686112e-01,-3.90832301e-01,-1.7908
1.625000e+10,2.78629377e-01,-5.18323723e-01,-4.6056,-61.7394,-7.12147607e-01,-3.82821073e-01,-1.8462
1.650000e+10,2.78025494e-01,-5.26120452e-01,-4.5087,-62.1460,-7.10565314e-01,-3.75494379e-01,-1.8984
1.675000e+10,2.77424318e-01,-5.33237949e-01,-4.4212,-62.5137,-7.08971822e-01,-3.68852263e-01,-1.9471
1.700000e+10,2.76858557e-01,-5.39669638e-01,-4.3428,-62.8415,-7.07394386e-01,-3.62903850e-01,-1.9921
1.725000e+10,2.76356216e-01,-5.45410102e-01,-4.2731,-63.1289,-7.05859678e-01,-3.57655109e-01,-2.0332
1.750000e+10,2.75944829e-01,-5.50451550e-01,-4.2120,-63.3751,-7.04391115e-01,-3.53115703e-01,-2.0701
1.775000e+10,2.75652344e-01,-5.54776314e-01,-4.1594,-63.5785,-7.03010977e-01,-3.49305872e-01,-2.1025
1.800000e+10,2.75505105e-01,-5.58367958e-01,-4.1153,-63.7377,-7.01737990e-01,-3.46245510e-01,-2.1302
1.825000e+10,2.75526876e-01,-5.61208267e-01,-4.0797,-63.8511,-7.00588634e-01,-3.43956083e-01,-2.1529
1.850000e+10,2.75740184e-01,-5.63275019e-01,-4.0526,-63.9169,-6.99576390e-01,-3.42463834e-01,-2.1703
1.875000e+10,2.76163951e-01,-5.64549428e-01,-4.0342,-63.9332,-6.98709964e-01,-3.41792046e-01,-2.1823
1.900000e+10,2.76811559e-01,-5.65016787e-01,-4.0245,-63.8990,-6.97993728e-01,-3.41959278e-01,-2.1887
1.925000e+10,2.77691449e-01,-5.64665847e-01,-4.0235,-63.8130,-6.97426843e-01,-3.42980670e-01,-2.1893
1.950000e+10,2.78804909e-01,-5.63493121e-01,-4.0312,-63.6747,-6.97002851e-01,-3.44862801e-01,-2.1843
1.975000e+10,2.80145853e-01,-5.61505483e-01,-4.0476,-63.4845,-6.96708812e-01,-3.47601387e-01,-2.1736
2.000000e+10,2.81701161e-01,-5.58715260e-01,-4.0725,-63.2430,-6.96527510e-01,-3.51185339e-01,-2.1575
2.025000e+10,2.83449740e-01,-5.55149442e-01,-4.1057,-62.9519,-6.96435577e-01,-3.55588006e-01,-2.1363
2.050000e+10,2.85368269e-01,-5.50835114e-01,-4.1470,-62.6129,-6.96405794e-01,-3.60783311e-01,-2.1102
2.075000e+10,2.87422996e-01,-5.45819566e-01,-4.1961,-62.2292,-6.96408220e-01,-3.66721439e-01,-2.0798
2.100000e+10,2.89580594e-01,-5.40148471e-01,-4.2525,-61.8037,-6.96411280e-01,-3.73355111e-01,-2.0455
2.125000e+10,2.91804554e-01,-5.33875750e-01,-4.3160,-61.3400,-6.96383164e-01,-3.80627475e-01,-2.0078
2.150000e+10,2.94058697e-01,-5.27061730e-01,-4.3858,-60.8419,-6.96291689e-01,-3.88475610e-01,-1.9672
2.175000e+10,2.96306964e-01,-5.19766288e-01,-4.4617,-60.3135,-6.96108287e-01,-3.96835536e-01,-1.9243
2.200000e+10,2.98515267e-01,-5.12058613e-01,-4.5430,-59.7591,-6.95805548e-01,-4.05634382e-01,-1.8797
2.225000e+10,3.00653681e-01,-5.03999633e-01,-4.6293,-59.1824,-6.95360748e-01,-4.14807383e-01,-1.8337
2.250000e+10,3.02694606e-01,-4.95659872e-01,-4.7198,-58.5880,-6.94754582e-01,-4.24279786e-01,-1.7868
2.275000e+10,3.04616716e-01,-4.87098203e-01,-4.8141,-57.9794,-6.93972018e-01,-4.33989441e-01,-1.7396
2.300000e+10,3.06401233e-01,-4.78375570e-01,-4.9117,-57.3603,-6.93003309e-01,-4.43871054e-01,-1.6923
2.325000e+10,3.08035087e-01,-4.69553726e-01,-5.0118,-56.7345,-6.91841754e-01,-4.53859747e-01,-1.6454
2.350000e+10,3.09509460e-01,-4.60682840e-01,-5.1141,-56.1048,-6.90485358e-01,-4.63902129e-01,-1.5991
2.375000e+10,3.10818735e-01,-4.51813551e-01,-5.2180,-55.4745,-6.88936357e-01,-4.73944011e-01,-1.5536
2.400000e+10,3.11961679e-01,-4.42991925e-01,-5.3230,-54.8462,-6.87199738e-01,-4.83936551e-01,-1.5093
2.425000e+10,3.12939981e-01,-4.34255688e-01,-5.4286,-54.2221,-6.85283334e-01,-4.93839365e-01,-1.4661
2.450000e+10,3.13758231e-01,-4.25639963e-01,-5.5344,-53.6044,-6.83197074e-01,-5.03615083e-01,-1.4243
2.475000e+10,3.14422833e-01,-4.17174194e-01,-5.6400,-52.9948,-6.80952924e-01,-5.13232004e-01,-1.3840
2.500000e+10,3.14942130e-01,-4.08882909e-01,-5.7451,-52.3947,-6.78563734e-01,-5.22663831e-01,-1.3453
2.525000e+10,3.15324715e-01,-4.00786063e-01,-5.8493,-51.8055,-6.76044136e-01,-5.31888317e-01,-1.3080
2.550000e+10,3.15581665e-01,-3.92897681e-01,-5.9523,-51.2280,-6.73406701e-01,-5.40890970e-01,-1.2724
2.575000e+10,3.15722448e-01,-3.85231227e-01,-6.0540,-50.6631,-6.70667168e-01,-5.49656063e-01,-1.2383
2.600000e+10,3.15757475e-01,-3.77793369e-01,-6.1541,-50.1113,-6.67839050e-01,-5.58175949e-01,-1.2058
2.625000e+10,3.15697797e-01,-3.70589713e-01,-6.2525,-49.5730,-6.64935091e-01,-5.66444604e-01,-1.1748
2.650000e+10,3.15552378e-01,-3.63624164e-01,-6.3489,-49.0486,-6.61969910e-01,-5.74456266e-01,-1.1452
2.675000e+10,3.15331670e-01,-3.56894742e-01,-6.4434,-48.5380,-6.58953459e-01,-5.82213381e-01,-1.1171
2.700000e+10,3.15044153e-01,-3.50400760e-01,-6.5358,-48.0414,-6.55897872e-01,-5.89715585e-01,-1.0904
2.725000e+10,3.14697749e-01,-3.44138481e-01,-6.6261,-47.5586,-6.52813615e-01,-5.96966009e-01,-1.0650
2.750000e+10,3.14300653e-01,-3.38104227e-01,-6.7142,-47.0896,-6.49709872e-01,-6.03968305e-01,-1.0408
2.775000e+10,3.13859319e-01,-3.32291177e-01,-6.8001,-46.6340,-6.46594945e-01,-6.10728973e-01,-1.0178
2.800000e+10,3.13380543e-01,-3.26694187e-01,-6.8838,-46.1916,-6.43476537e-01,-6.17253181e-01,-0.9960
2.825000e+10,3.12869461e-01,-3.21306144e-01,-6.9653,-45.7622,-6.40361925e-01,-6.23547647e-01,-0.9752
2.850000e+10,3.12331830e-01,-3.16119733e-01,-7.0447,-45.3453,-6.37256192e-01,-6.29620273e-01,-0.9555
2.875000e+10,3.11771647e-01,-3.11127000e-01,-7.1219,-44.9407,-6.34164865e-01,-6.35478839e-01,-0.9367
2.900000e+10,3.11193016e-01,-3.06320576e-01,-7.1971,-44.5479,-6.31092528e-01,-6.41130902e-01,-0.9188
2.925000e+10,3.10599751e-01,-3.01692765e-01,-7.2702,-44.1666,-6.28042680e-01,-6.46584614e-01,-0.9017
2.950000e+10,3.09995070e-01,-2.97236733e-01,-7.3413,-43.7964,-6.25019153e-01,-6.51846944e-01,-0.8855
2.975000e+10,3.09381199e-01,-2.92942618e-01,-7.4105,-43.4367,-6.22023315e-01,-6.56928377e-01,-0.8700
3.000000e+10,3.08761033e-01,-2.88804819e-01,-7.4777,-43.0873,-6.19058270e-01,-6.61834768e-01,-0.8552
3.025000e+10,3.08136887e-01,-2.84816426e-01,-7.5432,-42.7478,-6.16125804e-01,-6.66573519e-01,-0.8411
3.050000e+10,3.07510225e-01,-2.80969047e-01,-7.6069,-42.4176,-6.13226430e-01,-6.71153635e-01,-0.8276
3.075000e+10,3.06882796e-01,-2.77256471e-01,-7.6688,-42.0966,-6.10361420e-01,-6.75581776e-01,-0.8147
3.100000e+10,3.06255652e-01,-2.73671048e-01,-7.7291,-41.7841,-6.07530683e-01,-6.79866238e-01,-0.8024
3.125000e+10,3.05630852e-01,-2.70208309e-01,-7.7879,-41.4799,-6.04735248e-01,-6.84012085e-01,-0.7905
3.150000e+10,3.05008954e-01,-2.66861291e-01,-7.8451,-41.1836,-6.01974848e-01,-6.88026796e-01,-0.7792
3.175000e+10,3.04390756e-01,-2.63623668e-01,-7.9008,-40.8949,-5.99248820e-01,-6.91917395e-01,-0.7683
3.200000e+10,3.03776491e-01,-2.60489391e-01,-7.9551,-40.6132,-5.96556861e-01,-6.95690328e-01,-0.7579
3.225000e+10,3.03167869e-01,-2.57454952e-01,-8.0081,-40.3384,-5.93898962e-01,-6.99349851e-01,-0.7479
3.250000e+10,3.02565129e-01,-2.54513449e-01,-8.0598,-40.0701,-5.91272672e-01,-7.02903887e-01,-0.7382
3.275000e+10,3.01968292e-01,-2.51661571e-01,-8.1102,-39.8080,-5.88679470e-01,-7.06355495e-01,-0.7290
3.300000e+10,3.01378378e-01,-2.48893778e-01,-8.1594,-39.5516,-5.86116373e-01,-7.09711602e-01,-0.7200
3.325000e+10,3.00795041e-01,-2.46205719e-01,-8.2075,-39.3009,-5.83583204e-01,-7.12976670e-01,-0.7114
3.350000e+10,3.00218926e-01,-2.43594034e-01,-8.2545,-39.0555,-5.81079262e-01,-7.16154616e-01,-0.7031
3.375000e+10,2.99650128e-01,-2.41053938e-01,-8.3004,-38.8150,-5.78602427e-01,-7.19251021e-01,-0.6951
3.400000e+10,2.99088493e-01,-2.38582795e-01,-8.3453,-38.5794,-5.76153302e-01,-7.22268438e-01,-0.6873
3.425000e+10,2.98534056e-01,-2.36176047e-01,-8.3893,-38.3482,-5.73729415e-01,-7.25212280e-01,-0.6798
3.450000e+10,2.97987104e-01,-2.33831707e-01,-8.4323,-38.1214,-5.71331030e-01,-7.28084661e-01,-0.6726
3.475000e+10,2.97447279e-01,-2.31545742e-01,-8.4744,-37.8987,-5.68956298e-01,-7.30890153e-01,-0.6656
3.500000e+10,2.96914846e-01,-2.29316587e-01,-8.5157,-37.6800,-5.66605614e-01,-7.33630394e-01,-0.6588
3.525000e+10,2.96389333e-01,-2.27140408e-01,-8.5561,-37.4650,-5.64277034e-01,-7.36309736e-01,-0.6522
3.550000e+10,2.95870685e-01,-2.25015329e-01,-8.5958,-37.2537,-5.61970540e-01,-7.38930140e-01,-0.6458
3.575000e+10,2.95358811e-01,-2.22939036e-01,-8.6347,-37.0458,-5.59685362e-01,-7.41494204e-01,-0.6396
3.600000e+10,2.94853240e-01,-2.20909152e-01,-8.6729,-36.8412,-5.57420983e-01,-7.44004409e-01,-0.6336
3.625000e+10,2.94353868e-01,-2.18924486e-01,-8.7104,-36.6399,-5.55177955e-01,-7.46461860e-01,-0.6277
3.650000e+10,2.93860399e-01,-2.16982384e-01,-8.7473,-36.4416,-5.52954792e-01,-7.48869621e-01,-0.6220
3.675000e+10,2.93372716e-01,-2.15081363e-01,-8.7835,-36.2464,-5.50751337e-01,-7.51229273e-01,-0.6164
3.700000e+10,2.92890128e-01,-2.13220374e-01,-8.8191,-36.0542,-5.48568808e-01,-7.53541444e-01,-0.6110
3.725000e+10,2.92412767e-01,-2.11397494e-01,-8.8541,-35.8647,-5.46405807e-01,-7.55808552e-01,-0.6058
3.750000e+10,2.91939797e-01,-2.09611369e-01,-8.8885,-35.6782,-5.44263061e-01,-7.58031628e-01,-0.6006
3.775000e+10,2.91471279e-01,-2.07860782e-01,-8.9224,-35.4943,-5.42140149e-01,-7.60212107e-01,-0.5956
3.800000e+10,2.91006553e-01,-2.06144657e-01,-8.9558,-35.3132,-5.40037811e-01,-7.62350791e-01,-0.5908
3.825000e+10,2.90545627e-01,-2.04462178e-01,-8.9887,-35.1347,-5.37956186e-01,-7.64448558e-01,-0.5860
3.850000e+10,2.90087736e-01,-2.02811632e-01,-9.0211,-34.9589,-5.35894962e-01,-7.66507102e-01,-0.5813
3.875000e+10,2.89632917e-01,-2.01192615e-01,-9.0530,-34.7857,-5.33854760e-01,-7.68526772e-01,-0.5768
3.900000e+10,2.89180707e-01,-1.99604183e-01,-9.0845,-34.6150,-5.31835964e-01,-7.70508401e-01,-0.5723
3.925000e+10,2.88730398e-01,-1.98045417e-01,-9.1155,-34.4469,-5.29839286e-01,-7.72452653e-01,-0.5680
3.950000e+10,2.88282130e-01,-1.96515374e-01,-9.1462,-34.2814,-5.27864124e-01,-7.74360761e-01,-0.5637
3.975000e+10,2.87835492e-01,-1.95013973e-01,-9.1765,-34.1184,-5.25912092e-01,-7.76232408e-01,-0.5595
4.000000e+10,2.87390011e-01,-1.93539870e-01,-9.2064,-33.9579,-5.23982669e-01,-7.78069060e-01,-0.5554
