# Tessera TSV -- PUBLIC checkpoint, DIRECT evaluation (not the scale model).
# geometry: radius 5 um, pitch 60 um, height 100 um, liner 0.5 um, 300 K -- SHIPPED_TSV_DESIGN, upstream's own canonical demo geometry (README quickstart / examples/predict_smatrix.py / config.yaml optimization.fixed_params; see F90 in notes/ESTABLISHED_FACTS.md)
# arrangement: ring3x3 (one center signal via, ground ring)
# checkpoint: models/best_model.pth, commit e53bb885429586fb01209c82bb5c684f778b8cf4, sha256 97fb2a651bf475d124609e16e0feeecd7e97c8e1d5f494696bab9b838c6d3e09
# wrapper: e2e_sim_public commit 88f6240434f6371b37db45c8fb909f19b6b6bfb7, TesseraTSV.OUTPUT_VERSION=1
# scale: 1.0 -- this is the DIRECT evaluation at the geometry above, NOT the scale model (see tessera_tsv_s21_public_ka_scaled.csv for that)
# generated: 2026-09-23
# command: python -m e2e.data.interconnect.regenerate_tessera_tsv
# phase is the surrogate's OWN phase (not a minimum-phase reconstruction).
# columns: freq_hz,s21_re,s21_im,s21_abs_db,s21_phase_deg,s11_re,s11_im,s11_abs_db
freq_hz,s21_re,s21_im,s21_abs_db,s21_phase_deg,s11_re,s11_im,s11_abs_db
1.000000e+09,9.50788021e-01,-3.49268019e-02,-0.432469,-2.103791,-1.97788551e-02,-1.03111714e-02,-33.031865
1.250000e+09,9.50393081e-01,-3.72065902e-02,-0.435284,-2.241907,-2.05224529e-02,-1.07983351e-02,-32.693993
1.500000e+09,9.49995160e-01,-3.94782051e-02,-0.438079,-2.379627,-2.12595835e-02,-1.12764202e-02,-32.372258
1.750000e+09,9.49594140e-01,-4.17416990e-02,-0.440856,-2.516954,-2.19902024e-02,-1.17456801e-02,-32.065379
2.000000e+09,9.49189901e-01,-4.39971685e-02,-0.443617,-2.653894,-2.27143243e-02,-1.22062862e-02,-31.772215
2.250000e+09,9.48783159e-01,-4.62446287e-02,-0.446355,-2.790445,-2.34319493e-02,-1.26583949e-02,-31.491754
2.500000e+09,9.48373616e-01,-4.84841019e-02,-0.449075,-2.926608,-2.41429582e-02,-1.31021813e-02,-31.223122
2.750000e+09,9.47961211e-01,-5.07158376e-02,-0.451776,-3.062399,-2.48474851e-02,-1.35378502e-02,-30.965460
3.000000e+09,9.47546303e-01,-5.29396236e-02,-0.454456,-3.197803,-2.55454257e-02,-1.39655545e-02,-30.718062
3.250000e+09,9.47129011e-01,-5.51556498e-02,-0.457114,-3.332831,-2.62367800e-02,-1.43854544e-02,-30.480266
3.500000e+09,9.46709394e-01,-5.73640205e-02,-0.459750,-3.467487,-2.69215256e-02,-1.47977918e-02,-30.251462
3.750000e+09,9.46287453e-01,-5.95647246e-02,-0.462365,-3.601771,-2.75996700e-02,-1.52026489e-02,-30.031110
4.000000e+09,9.45863008e-01,-6.17577396e-02,-0.464960,-3.735681,-2.82712057e-02,-1.56002417e-02,-29.818704
4.250000e+09,9.45436835e-01,-6.39432296e-02,-0.467529,-3.869223,-2.89360806e-02,-1.59907117e-02,-29.613800
4.500000e+09,9.45008576e-01,-6.61212131e-02,-0.470075,-4.002400,-2.95943245e-02,-1.63742229e-02,-29.415970
4.750000e+09,9.44578528e-01,-6.82918131e-02,-0.472597,-4.135216,-3.02459374e-02,-1.67509913e-02,-29.224822
5.000000e+09,9.44146633e-01,-7.04550073e-02,-0.475094,-4.267670,-3.08908969e-02,-1.71210691e-02,-29.040017
5.250000e+09,9.43712950e-01,-7.26108775e-02,-0.477567,-4.399766,-3.15291733e-02,-1.74847245e-02,-28.861220
5.500000e+09,9.43277359e-01,-7.47595653e-02,-0.480017,-4.531512,-3.21607739e-02,-1.78420842e-02,-28.688128
5.750000e+09,9.42840457e-01,-7.69010112e-02,-0.482440,-4.662901,-3.27857360e-02,-1.81932598e-02,-28.520458
6.000000e+09,9.42402184e-01,-7.90353343e-02,-0.484835,-4.793939,-3.34040299e-02,-1.85384601e-02,-28.357948
6.250000e+09,9.41962361e-01,-8.11626986e-02,-0.487205,-4.924637,-3.40156332e-02,-1.88777372e-02,-28.200370
6.500000e+09,9.41521287e-01,-8.32830071e-02,-0.489548,-5.054987,-3.46205309e-02,-1.92113444e-02,-28.047490
6.750000e+09,9.41079021e-01,-8.53964314e-02,-0.491863,-5.184996,-3.52187678e-02,-1.95393935e-02,-27.899091
7.000000e+09,9.40635443e-01,-8.75030383e-02,-0.494152,-5.314670,-3.58103290e-02,-1.98620260e-02,-27.754981
7.250000e+09,9.40190792e-01,-8.96028355e-02,-0.496413,-5.444007,-3.63952070e-02,-2.01793909e-02,-27.614975
7.500000e+09,9.39745188e-01,-9.16960016e-02,-0.498644,-5.573016,-3.69734019e-02,-2.04916149e-02,-27.478903
7.750000e+09,9.39298987e-01,-9.37824398e-02,-0.500844,-5.701687,-3.75449657e-02,-2.07988396e-02,-27.346594
8.000000e+09,9.38851357e-01,-9.58623663e-02,-0.503020,-5.830039,-3.81098092e-02,-2.11011991e-02,-27.217912
8.250000e+09,9.38403130e-01,-9.79358926e-02,-0.505164,-5.958071,-3.86680886e-02,-2.13988274e-02,-27.092687
8.500000e+09,9.37954187e-01,-1.00002997e-01,-0.507278,-6.085783,-3.92196104e-02,-2.16918737e-02,-26.970816
8.750000e+09,9.37504649e-01,-1.02063738e-01,-0.509361,-6.213176,-3.97645608e-02,-2.19804272e-02,-26.852147
9.000000e+09,9.37054217e-01,-1.04118280e-01,-0.511416,-6.340261,-4.03029025e-02,-2.22646743e-02,-26.736560
9.250000e+09,9.36603546e-01,-1.06166668e-01,-0.513438,-6.467035,-4.08346057e-02,-2.25446969e-02,-26.623953
9.500000e+09,9.36152339e-01,-1.08208939e-01,-0.515428,-6.593503,-4.13597152e-02,-2.28206366e-02,-26.514211
9.750000e+09,9.35700655e-01,-1.10245183e-01,-0.517388,-6.719666,-4.18782160e-02,-2.30926201e-02,-26.407236
1.000000e+10,9.35248494e-01,-1.12275533e-01,-0.519317,-6.845534,-4.23901752e-02,-2.33607590e-02,-26.302922
1.025000e+10,9.34796095e-01,-1.14300050e-01,-0.521213,-6.971107,-4.28955629e-02,-2.36251727e-02,-26.201186
1.050000e+10,9.34343219e-01,-1.16318844e-01,-0.523079,-7.096392,-4.33944240e-02,-2.38859877e-02,-26.101933
1.075000e+10,9.33890224e-01,-1.18331939e-01,-0.524911,-7.221386,-4.38867956e-02,-2.41432860e-02,-26.005082
1.100000e+10,9.33437109e-01,-1.20339610e-01,-0.526710,-7.346107,-4.43726555e-02,-2.43972391e-02,-25.910552
1.125000e+10,9.32983637e-01,-1.22341558e-01,-0.528478,-7.470536,-4.48520407e-02,-2.46478915e-02,-25.818273
1.150000e+10,9.32530165e-01,-1.24338210e-01,-0.530212,-7.594695,-4.53249887e-02,-2.48954147e-02,-25.728165
1.175000e+10,9.32076514e-01,-1.26329526e-01,-0.531913,-7.718583,-4.57915664e-02,-2.51398534e-02,-25.640156
1.200000e+10,9.31622982e-01,-1.28315583e-01,-0.533580,-7.842200,-4.62517291e-02,-2.53813639e-02,-25.554187
1.225000e+10,9.31169033e-01,-1.30296588e-01,-0.535217,-7.965562,-4.67054993e-02,-2.56200135e-02,-25.470199
1.250000e+10,9.30715442e-01,-1.32272512e-01,-0.536818,-8.088661,-4.71529588e-02,-2.58559063e-02,-25.388123
1.275000e+10,9.30261791e-01,-1.34243414e-01,-0.538385,-8.211503,-4.75941598e-02,-2.60891691e-02,-25.307895
1.300000e+10,9.29808140e-01,-1.36209458e-01,-0.539920,-8.334095,-4.80290651e-02,-2.63198912e-02,-25.229471
1.325000e+10,9.29354429e-01,-1.38170794e-01,-0.541422,-8.456446,-4.84577417e-02,-2.65481398e-02,-25.152794
1.350000e+10,9.28901196e-01,-1.40127391e-01,-0.542887,-8.578549,-4.88802418e-02,-2.67740116e-02,-25.077810
1.375000e+10,9.28447604e-01,-1.42079383e-01,-0.544322,-8.700418,-4.92965803e-02,-2.69976333e-02,-25.004469
1.400000e+10,9.27994370e-01,-1.44026965e-01,-0.545721,-8.822058,-4.97068092e-02,-2.72190794e-02,-24.932724
1.425000e+10,9.27541137e-01,-1.45970047e-01,-0.547088,-8.943465,-5.01109660e-02,-2.74383947e-02,-24.862533
1.450000e+10,9.27088141e-01,-1.47908807e-01,-0.548420,-9.064647,-5.05090281e-02,-2.76557133e-02,-24.793854
1.475000e+10,9.26635087e-01,-1.49843469e-01,-0.549720,-9.185619,-5.09011671e-02,-2.78711095e-02,-24.726630
1.500000e+10,9.26182270e-01,-1.51773974e-01,-0.550986,-9.306375,-5.12873158e-02,-2.80846432e-02,-24.660836
1.525000e+10,9.25729632e-01,-1.53700382e-01,-0.552217,-9.426916,-5.16675785e-02,-2.82964185e-02,-24.596422
1.550000e+10,9.25277174e-01,-1.55622885e-01,-0.553415,-9.547254,-5.20420149e-02,-2.85064653e-02,-24.533352
1.575000e+10,9.24824715e-01,-1.57541543e-01,-0.554581,-9.667393,-5.24106100e-02,-2.87148952e-02,-24.471594
1.600000e+10,9.24372435e-01,-1.59456491e-01,-0.555712,-9.787339,-5.27734086e-02,-2.89218277e-02,-24.411109
1.625000e+10,9.23920393e-01,-1.61367670e-01,-0.556810,-9.907086,-5.31304926e-02,-2.91272104e-02,-24.351868
1.650000e+10,9.23468351e-01,-1.63275480e-01,-0.557875,-10.026660,-5.34819737e-02,-2.93312073e-02,-24.293822
1.675000e+10,9.23016250e-01,-1.65179819e-01,-0.558909,-10.146055,-5.38278446e-02,-2.95338929e-02,-24.236946
1.700000e+10,9.22564507e-01,-1.67080685e-01,-0.559908,-10.265265,-5.41681275e-02,-2.97353044e-02,-24.181215
1.725000e+10,9.22112584e-01,-1.68978378e-01,-0.560876,-10.384313,-5.45029119e-02,-2.99354345e-02,-24.126598
1.750000e+10,9.21660662e-01,-1.70872778e-01,-0.561812,-10.503190,-5.48322424e-02,-3.01344395e-02,-24.073060
1.775000e+10,9.21208978e-01,-1.72764197e-01,-0.562714,-10.621909,-5.51562011e-02,-3.03323567e-02,-24.020572
1.800000e+10,9.20757294e-01,-1.74652621e-01,-0.563583,-10.740473,-5.54748252e-02,-3.05292010e-02,-23.969110
1.825000e+10,9.20305490e-01,-1.76538274e-01,-0.564422,-10.858895,-5.57881817e-02,-3.07250917e-02,-23.918643
1.850000e+10,9.19853687e-01,-1.78421006e-01,-0.565229,-10.977164,-5.60963228e-02,-3.09200436e-02,-23.869147
1.875000e+10,9.19401646e-01,-1.80301070e-01,-0.566005,-11.095298,-5.63992783e-02,-3.11140940e-02,-23.820602
1.900000e+10,9.18949604e-01,-1.82178527e-01,-0.566750,-11.213295,-5.66971973e-02,-3.13073099e-02,-23.772970
1.925000e+10,9.18497324e-01,-1.84053540e-01,-0.567464,-11.331169,-5.69900274e-02,-3.14997807e-02,-23.726240
1.950000e+10,9.18045044e-01,-1.85926065e-01,-0.568146,-11.448912,-5.72778657e-02,-3.16914469e-02,-23.680389
1.975000e+10,9.17592227e-01,-1.87796280e-01,-0.568801,-11.566541,-5.75608835e-02,-3.18824798e-02,-23.635374
2.000000e+10,9.17139292e-01,-1.89664334e-01,-0.569425,-11.684060,-5.78389987e-02,-3.20727900e-02,-23.591199
2.025000e+10,9.16686058e-01,-1.91530257e-01,-0.570018,-11.801471,-5.81123605e-02,-3.22625190e-02,-23.547825
2.050000e+10,9.16232467e-01,-1.93394154e-01,-0.570582,-11.918781,-5.83809987e-02,-3.24516669e-02,-23.505238
2.075000e+10,9.15778637e-01,-1.95256025e-01,-0.571116,-12.035987,-5.86450025e-02,-3.26402411e-02,-23.463417
2.100000e+10,9.15324092e-01,-1.97116151e-01,-0.571624,-12.153113,-5.89044467e-02,-3.28283310e-02,-23.422337
2.125000e+10,9.14869189e-01,-1.98974445e-01,-0.572102,-12.270146,-5.91593459e-02,-3.30159143e-02,-23.381988
2.150000e+10,9.14413810e-01,-2.00831175e-01,-0.572551,-12.387105,-5.94098195e-02,-3.32030579e-02,-23.342343
2.175000e+10,9.13957596e-01,-2.02686131e-01,-0.572976,-12.503980,-5.96558824e-02,-3.33897844e-02,-23.303390
2.200000e+10,9.13500905e-01,-2.04539776e-01,-0.573371,-12.620794,-5.98976687e-02,-3.35760936e-02,-23.265105
2.225000e+10,9.13043380e-01,-2.06391931e-01,-0.573740,-12.737541,-6.01351634e-02,-3.37620899e-02,-23.227475
2.250000e+10,9.12585139e-01,-2.08242774e-01,-0.574083,-12.854229,-6.03685603e-02,-3.39476839e-02,-23.190476
2.275000e+10,9.12126303e-01,-2.10092455e-01,-0.574398,-12.970864,-6.05978146e-02,-3.41329724e-02,-23.154100
2.300000e+10,9.11666214e-01,-2.11941034e-01,-0.574690,-13.087459,-6.08230308e-02,-3.43179777e-02,-23.118326
2.325000e+10,9.11205530e-01,-2.13788509e-01,-0.574954,-13.204004,-6.10443130e-02,-3.45026627e-02,-23.083138
2.350000e+10,9.10743713e-01,-2.15635061e-01,-0.575194,-13.320516,-6.12616464e-02,-3.46870944e-02,-23.048526
2.375000e+10,9.10280585e-01,-2.17480808e-01,-0.575412,-13.437005,-6.14751801e-02,-3.48712876e-02,-23.014467
2.400000e+10,9.09816980e-01,-2.19325706e-01,-0.575600,-13.553456,-6.16849139e-02,-3.50551903e-02,-22.980958
2.425000e+10,9.09351647e-01,-2.21169889e-01,-0.575769,-13.669894,-6.18909970e-02,-3.52388844e-02,-22.947973
2.450000e+10,9.08885360e-01,-2.23013401e-01,-0.575913,-13.786310,-6.20934144e-02,-3.54223847e-02,-22.915504
2.475000e+10,9.08417761e-01,-2.24856511e-01,-0.576034,-13.902725,-6.22923151e-02,-3.56056467e-02,-22.883535
2.500000e+10,9.07948613e-01,-2.26699069e-01,-0.576133,-14.019132,-6.24877140e-02,-3.57887074e-02,-22.852055
2.525000e+10,9.07478213e-01,-2.28541285e-01,-0.576209,-14.135540,-6.26796409e-02,-3.59715670e-02,-22.821057
2.550000e+10,9.07006264e-01,-2.30383188e-01,-0.576264,-14.251955,-6.28682151e-02,-3.61542180e-02,-22.790522
2.575000e+10,9.06532884e-01,-2.32224911e-01,-0.576296,-14.368381,-6.30534962e-02,-3.63366678e-02,-22.760441
2.600000e+10,9.06057715e-01,-2.34066486e-01,-0.576309,-14.484827,-6.32355586e-02,-3.65189537e-02,-22.730797
2.625000e+10,9.05580640e-01,-2.35908031e-01,-0.576303,-14.601300,-6.34144470e-02,-3.67010310e-02,-22.701585
2.650000e+10,9.05102253e-01,-2.37749562e-01,-0.576273,-14.717792,-6.35901913e-02,-3.68828923e-02,-22.672798
2.675000e+10,9.04621720e-01,-2.39591062e-01,-0.576227,-14.834315,-6.37628958e-02,-3.70645747e-02,-22.644419
2.700000e+10,9.04139638e-01,-2.41432801e-01,-0.576157,-14.950874,-6.39326051e-02,-3.72460559e-02,-22.616439
2.725000e+10,9.03655291e-01,-2.43274778e-01,-0.576072,-15.067481,-6.40994087e-02,-3.74272764e-02,-22.588850
2.750000e+10,9.03169155e-01,-2.45117038e-01,-0.575966,-15.184131,-6.42633513e-02,-3.76083404e-02,-22.561638
2.775000e+10,9.02680874e-01,-2.46959716e-01,-0.575842,-15.300837,-6.44244179e-02,-3.77891287e-02,-22.534807
2.800000e+10,9.02190328e-01,-2.48802796e-01,-0.575702,-15.417600,-6.45827577e-02,-3.79697010e-02,-22.508335
2.825000e+10,9.01697636e-01,-2.50646234e-01,-0.575543,-15.534414,-6.47384003e-02,-3.81499827e-02,-22.482221
2.850000e+10,9.01202679e-01,-2.52490342e-01,-0.575367,-15.651301,-6.48913905e-02,-3.83300558e-02,-22.456451
2.875000e+10,9.00705338e-01,-2.54335076e-01,-0.575175,-15.768259,-6.50417879e-02,-3.85098159e-02,-22.431023
2.900000e+10,9.00205493e-01,-2.56180376e-01,-0.574967,-15.885287,-6.51896074e-02,-3.86893004e-02,-22.405930
2.925000e+10,8.99703085e-01,-2.58026481e-01,-0.574744,-16.002399,-6.53349534e-02,-3.88684571e-02,-22.381163
2.950000e+10,8.99198294e-01,-2.59873360e-01,-0.574504,-16.119591,-6.54778257e-02,-3.90472934e-02,-22.356716
2.975000e+10,8.98690701e-01,-2.61721194e-01,-0.574250,-16.236880,-6.56183437e-02,-3.92258242e-02,-22.332577
3.000000e+10,8.98180664e-01,-2.63569772e-01,-0.573980,-16.354247,-6.57564923e-02,-3.94039452e-02,-22.308748
3.025000e+10,8.97667408e-01,-2.65419394e-01,-0.573699,-16.471724,-6.58923164e-02,-3.95817161e-02,-22.285221
3.050000e+10,8.97151709e-01,-2.67269969e-01,-0.573400,-16.589291,-6.60259202e-02,-3.97590622e-02,-22.261986
3.075000e+10,8.96632910e-01,-2.69121617e-01,-0.573090,-16.706967,-6.61572441e-02,-3.99359688e-02,-22.239047
3.100000e+10,8.96110892e-01,-2.70974398e-01,-0.572769,-16.824758,-6.62864521e-02,-4.01124731e-02,-22.216386
3.125000e+10,8.95586252e-01,-2.72828281e-01,-0.572431,-16.942651,-6.64134398e-02,-4.02884781e-02,-22.194014
3.150000e+10,8.95058274e-01,-2.74683386e-01,-0.572083,-17.060665,-6.65384308e-02,-4.04639989e-02,-22.171908
3.175000e+10,8.94526958e-01,-2.76539743e-01,-0.571724,-17.178803,-6.66613057e-02,-4.06389907e-02,-22.150080
3.200000e+10,8.93992186e-01,-2.78397352e-01,-0.571356,-17.297067,-6.67821392e-02,-4.08134833e-02,-22.128518
3.225000e+10,8.93454313e-01,-2.80256331e-01,-0.570974,-17.415457,-6.69010356e-02,-4.09873948e-02,-22.107215
3.250000e+10,8.92912984e-01,-2.82116711e-01,-0.570581,-17.533981,-6.70178905e-02,-4.11607251e-02,-22.086180
3.275000e+10,8.92367959e-01,-2.83978403e-01,-0.570181,-17.652640,-6.71328679e-02,-4.13333997e-02,-22.065399
3.300000e+10,8.91819417e-01,-2.85841674e-01,-0.569770,-17.771444,-6.72459677e-02,-4.15054932e-02,-22.044866
3.325000e+10,8.91267240e-01,-2.87706316e-01,-0.569349,-17.890385,-6.73571602e-02,-4.16769162e-02,-22.024588
3.350000e+10,8.90711308e-01,-2.89572567e-01,-0.568920,-18.009479,-6.74665645e-02,-4.18476090e-02,-22.004555
3.375000e+10,8.90151381e-01,-2.91440248e-01,-0.568485,-18.128719,-6.75740913e-02,-4.20176163e-02,-21.984771
3.400000e+10,8.89587641e-01,-2.93309659e-01,-0.568040,-18.248121,-6.76798448e-02,-4.21868637e-02,-21.965229
3.425000e+10,8.89020085e-01,-2.95180619e-01,-0.567587,-18.367673,-6.77838251e-02,-4.23553586e-02,-21.945927
3.450000e+10,8.88448000e-01,-2.97053158e-01,-0.567131,-18.487391,-6.78860769e-02,-4.25230712e-02,-21.926862
3.475000e+10,8.87871981e-01,-2.98927546e-01,-0.566666,-18.607281,-6.79865852e-02,-4.26899791e-02,-21.908034
3.500000e+10,8.87291670e-01,-3.00803512e-01,-0.566196,-18.727333,-6.80853799e-02,-4.28560004e-02,-21.889443
3.525000e+10,8.86707127e-01,-3.02681208e-01,-0.565720,-18.847555,-6.81825355e-02,-4.30211499e-02,-21.871082
3.550000e+10,8.86118114e-01,-3.04560721e-01,-0.565240,-18.967957,-6.82779923e-02,-4.31854352e-02,-21.852953
3.575000e+10,8.85524631e-01,-3.06441963e-01,-0.564755,-19.088535,-6.83717951e-02,-4.33488190e-02,-21.835053
3.600000e+10,8.84926558e-01,-3.08324993e-01,-0.564267,-19.209294,-6.84639141e-02,-4.35112417e-02,-21.817388
3.625000e+10,8.84323835e-01,-3.10209960e-01,-0.563775,-19.330245,-6.85544237e-02,-4.36727107e-02,-21.799947
3.650000e+10,8.83716345e-01,-3.12096685e-01,-0.563280,-19.451380,-6.86433688e-02,-4.38331962e-02,-21.782729
3.675000e+10,8.83104086e-01,-3.13985199e-01,-0.562782,-19.572702,-6.87306598e-02,-4.39926982e-02,-21.765740
3.700000e+10,8.82486761e-01,-3.15875679e-01,-0.562284,-19.694226,-6.88163415e-02,-4.41511422e-02,-21.748978
3.725000e+10,8.81864548e-01,-3.17768037e-01,-0.561784,-19.815946,-6.89004436e-02,-4.43085656e-02,-21.732438
3.750000e+10,8.81237328e-01,-3.19662333e-01,-0.561281,-19.937866,-6.89829364e-02,-4.44649234e-02,-21.716124
3.775000e+10,8.80604923e-01,-3.21558595e-01,-0.560779,-20.059993,-6.90638795e-02,-4.46202010e-02,-21.700031
3.800000e+10,8.79967213e-01,-3.23456705e-01,-0.560277,-20.182324,-6.91432133e-02,-4.47744206e-02,-21.684161
3.825000e+10,8.79324198e-01,-3.25356781e-01,-0.559775,-20.304865,-6.92210123e-02,-4.49274778e-02,-21.668512
3.850000e+10,8.78675580e-01,-3.27258766e-01,-0.559276,-20.427620,-6.92971870e-02,-4.50794324e-02,-21.653088
3.875000e+10,8.78021479e-01,-3.29162776e-01,-0.558778,-20.550594,-6.93718120e-02,-4.52302247e-02,-21.637885
3.900000e+10,8.77361894e-01,-3.31068814e-01,-0.558281,-20.673788,-6.94449022e-02,-4.53799143e-02,-21.622897
3.925000e+10,8.76696587e-01,-3.32976758e-01,-0.557788,-20.797199,-6.95163682e-02,-4.55284715e-02,-21.608132
3.950000e+10,8.76025319e-01,-3.34886670e-01,-0.557299,-20.920839,-6.95862845e-02,-4.56758365e-02,-21.593587
3.975000e+10,8.75348330e-01,-3.36798608e-01,-0.556812,-21.044705,-6.96546361e-02,-4.58219871e-02,-21.579263
4.000000e+10,8.74665022e-01,-3.38712394e-01,-0.556333,-21.168801,-6.97214082e-02,-4.59669903e-02,-21.565156
4.025000e+10,8.73975873e-01,-3.40628296e-01,-0.555857,-21.293133,-6.97865859e-02,-4.61108461e-02,-21.551268
4.050000e+10,8.73280644e-01,-3.42546254e-01,-0.555385,-21.417704,-6.98501542e-02,-4.62535098e-02,-21.537600
4.075000e+10,8.72579098e-01,-3.44466090e-01,-0.554921,-21.542508,-6.99122027e-02,-4.63949218e-02,-21.524147
4.100000e+10,8.71871114e-01,-3.46387953e-01,-0.554463,-21.667559,-6.99725822e-02,-4.65352312e-02,-21.510914
4.125000e+10,8.71156573e-01,-3.48311722e-01,-0.554015,-21.792853,-7.00314566e-02,-4.66743484e-02,-21.497889
4.150000e+10,8.70435715e-01,-3.50237548e-01,-0.553571,-21.918394,-7.00886622e-02,-4.68122810e-02,-21.485086
4.175000e+10,8.69708002e-01,-3.52165282e-01,-0.553139,-22.044186,-7.01443031e-02,-4.69490439e-02,-21.472495
4.200000e+10,8.68973553e-01,-3.54095131e-01,-0.552714,-22.170240,-7.01983050e-02,-4.70846519e-02,-21.460120
4.225000e+10,8.68232250e-01,-3.56026769e-01,-0.552300,-22.296541,-7.02506229e-02,-4.72190827e-02,-21.447964
4.250000e+10,8.67483974e-01,-3.57960373e-01,-0.551897,-22.423103,-7.03013614e-02,-4.73523885e-02,-21.436016
4.275000e+10,8.66728544e-01,-3.59895915e-01,-0.551506,-22.549929,-7.03504756e-02,-4.74845693e-02,-21.424279
4.300000e+10,8.65965962e-01,-3.61833334e-01,-0.551126,-22.677017,-7.03979209e-02,-4.76156622e-02,-21.412753
4.325000e+10,8.65196228e-01,-3.63772720e-01,-0.550758,-22.804374,-7.04437271e-02,-4.77455854e-02,-21.401439
4.350000e+10,8.64418983e-01,-3.65713954e-01,-0.550404,-22.932001,-7.04878643e-02,-4.78745028e-02,-21.390330
4.375000e+10,8.63634467e-01,-3.67657155e-01,-0.550062,-23.059902,-7.05303624e-02,-4.80023101e-02,-21.379430
4.400000e+10,8.62842202e-01,-3.69602054e-01,-0.549736,-23.188073,-7.05711618e-02,-4.81291488e-02,-21.368733
4.425000e+10,8.62042308e-01,-3.71548951e-01,-0.549425,-23.316531,-7.06102774e-02,-4.82548997e-02,-21.358245
4.450000e+10,8.61234426e-01,-3.73497486e-01,-0.549131,-23.445264,-7.06477389e-02,-4.83797118e-02,-21.347953
4.475000e+10,8.60418677e-01,-3.75447899e-01,-0.548854,-23.574285,-7.06835017e-02,-4.85035479e-02,-21.337864
4.500000e+10,8.59595060e-01,-3.77400070e-01,-0.548592,-23.703589,-7.07175359e-02,-4.86264303e-02,-21.327978
4.525000e+10,8.58762980e-01,-3.79353881e-01,-0.548352,-23.833184,-7.07498863e-02,-4.87483814e-02,-21.318288
4.550000e+10,8.57922912e-01,-3.81309450e-01,-0.548129,-23.963068,-7.07805678e-02,-4.88694385e-02,-21.308792
4.575000e+10,8.57074261e-01,-3.83266807e-01,-0.547926,-24.093257,-7.08095208e-02,-4.89897430e-02,-21.299484
4.600000e+10,8.56217384e-01,-3.85225743e-01,-0.547742,-24.223734,-7.08367452e-02,-4.91091236e-02,-21.290375
4.625000e+10,8.55351686e-01,-3.87186289e-01,-0.547581,-24.354516,-7.08622858e-02,-4.92277667e-02,-21.281448
4.650000e+10,8.54477525e-01,-3.89148355e-01,-0.547440,-24.485591,-7.08860531e-02,-4.93456349e-02,-21.272714
4.675000e+10,8.53594422e-01,-3.91112089e-01,-0.547323,-24.616981,-7.09081367e-02,-4.94627580e-02,-21.264162
4.700000e+10,8.52702379e-01,-3.93077224e-01,-0.547230,-24.748672,-7.09285215e-02,-4.95792404e-02,-21.255787
4.725000e+10,8.51801157e-01,-3.95043969e-01,-0.547161,-24.880685,-7.09471628e-02,-4.96950150e-02,-21.247596
4.750000e+10,8.50890756e-01,-3.97012115e-01,-0.547118,-25.013010,-7.09641054e-02,-4.98102084e-02,-21.239577
4.775000e+10,8.49971294e-01,-3.98981661e-01,-0.547099,-25.145644,-7.09792897e-02,-4.99247685e-02,-21.231738
4.800000e+10,8.49042237e-01,-4.00952518e-01,-0.547109,-25.278600,-7.09928051e-02,-5.00388220e-02,-21.224063
4.825000e+10,8.48103762e-01,-4.02924836e-01,-0.547144,-25.411882,-7.10046068e-02,-5.01523241e-02,-21.216558
4.850000e+10,8.47155631e-01,-4.04898226e-01,-0.547209,-25.545478,-7.10147396e-02,-5.02653196e-02,-21.209216
4.875000e+10,8.46197784e-01,-4.06873047e-01,-0.547302,-25.679411,-7.10230991e-02,-5.03778756e-02,-21.202041
4.900000e+10,8.45229983e-01,-4.08849061e-01,-0.547426,-25.813676,-7.10298195e-02,-5.04900664e-02,-21.195018
4.925000e+10,8.44252110e-01,-4.10826147e-01,-0.547581,-25.948272,-7.10348561e-02,-5.06017953e-02,-21.188156
4.950000e+10,8.43264341e-01,-4.12804335e-01,-0.547766,-26.083197,-7.10382238e-02,-5.07132038e-02,-21.181443
4.975000e+10,8.42266083e-01,-4.14783716e-01,-0.547985,-26.218476,-7.10398778e-02,-5.08242399e-02,-21.174887
5.000000e+10,8.41257751e-01,-4.16763961e-01,-0.548236,-26.354081,-7.10399374e-02,-5.09350002e-02,-21.168471
5.025000e+10,8.40238810e-01,-4.18745130e-01,-0.548522,-26.490033,-7.10383728e-02,-5.10455072e-02,-21.162197
5.050000e+10,8.39209199e-01,-4.20727253e-01,-0.548844,-26.626336,-7.10351691e-02,-5.11557832e-02,-21.156063
5.075000e+10,8.38168979e-01,-4.22710389e-01,-0.549199,-26.762996,-7.10303858e-02,-5.12658134e-02,-21.150065
5.100000e+10,8.37118268e-01,-4.24694270e-01,-0.549589,-26.899996,-7.10240081e-02,-5.13756499e-02,-21.144202
5.125000e+10,8.36056411e-01,-4.26678836e-01,-0.550018,-27.037355,-7.10160658e-02,-5.14853150e-02,-21.138467
5.150000e+10,8.34983468e-01,-4.28664148e-01,-0.550486,-27.175075,-7.10065886e-02,-5.15947863e-02,-21.132861
5.175000e+10,8.33899558e-01,-4.30650234e-01,-0.550990,-27.313159,-7.09955320e-02,-5.17041534e-02,-21.127381
5.200000e+10,8.32804561e-01,-4.32636976e-01,-0.551532,-27.451606,-7.09830299e-02,-5.18134013e-02,-21.122016
5.225000e+10,8.31698000e-01,-4.34624314e-01,-0.552115,-27.590429,-7.09690377e-02,-5.19225150e-02,-21.116772
5.250000e+10,8.30579937e-01,-4.36612099e-01,-0.552740,-27.729620,-7.09536001e-02,-5.20314947e-02,-21.111642
5.275000e+10,8.29450727e-01,-4.38600332e-01,-0.553403,-27.869173,-7.09367171e-02,-5.21404147e-02,-21.106624
5.300000e+10,8.28309596e-01,-4.40589190e-01,-0.554109,-28.009122,-7.09184185e-02,-5.22492528e-02,-21.101715
5.325000e+10,8.27156901e-01,-4.42578316e-01,-0.554857,-28.149440,-7.08987340e-02,-5.23579344e-02,-21.096917
5.350000e+10,8.25992465e-01,-4.44567800e-01,-0.555647,-28.290141,-7.08777085e-02,-5.24664968e-02,-21.092224
5.375000e+10,8.24816048e-01,-4.46557760e-01,-0.556480,-28.431241,-7.08553120e-02,-5.25748730e-02,-21.087641
5.400000e+10,8.23627710e-01,-4.48547900e-01,-0.557356,-28.572725,-7.08316341e-02,-5.26831672e-02,-21.083156
5.425000e+10,8.22427392e-01,-4.50538218e-01,-0.558276,-28.714597,-7.08066598e-02,-5.27913049e-02,-21.078773
5.450000e+10,8.21214795e-01,-4.52528924e-01,-0.559241,-28.856882,-7.07804188e-02,-5.28992191e-02,-21.074493
5.475000e+10,8.19990158e-01,-4.54519778e-01,-0.560249,-28.999562,-7.07528964e-02,-5.30068651e-02,-21.070321
5.500000e+10,8.18753242e-01,-4.56510723e-01,-0.561303,-29.142645,-7.07241520e-02,-5.31142727e-02,-21.066249
5.525000e+10,8.17504168e-01,-4.58501816e-01,-0.562400,-29.286133,-7.06942454e-02,-5.32213077e-02,-21.062280
5.550000e+10,8.16242456e-01,-4.60493207e-01,-0.563543,-29.430052,-7.06630722e-02,-5.33280149e-02,-21.058420
5.575000e+10,8.14968348e-01,-4.62484539e-01,-0.564732,-29.574379,-7.06307963e-02,-5.34342751e-02,-21.054662
5.600000e+10,8.13681841e-01,-4.64475691e-01,-0.565966,-29.719111,-7.05972984e-02,-5.35400435e-02,-21.051019
5.625000e+10,8.12382460e-01,-4.66467321e-01,-0.567247,-29.864300,-7.05625936e-02,-5.36452159e-02,-21.047494
5.650000e+10,8.11070442e-01,-4.68458712e-01,-0.568574,-30.009905,-7.05268160e-02,-5.37497327e-02,-21.044081
5.675000e+10,8.09746027e-01,-4.70450342e-01,-0.569944,-30.155948,-7.04898313e-02,-5.38535565e-02,-21.040792
5.700000e+10,8.08408439e-01,-4.72441912e-01,-0.571363,-30.302439,-7.04516843e-02,-5.39566129e-02,-21.037629
5.725000e+10,8.07058215e-01,-4.74433482e-01,-0.572827,-30.449369,-7.04123899e-02,-5.40587306e-02,-21.034599
5.750000e+10,8.05695176e-01,-4.76425081e-01,-0.574336,-30.596748,-7.03719482e-02,-5.41598871e-02,-21.031705
5.775000e+10,8.04318964e-01,-4.78416681e-01,-0.575893,-30.744590,-7.03303143e-02,-5.42599633e-02,-21.028957
5.800000e+10,8.02929640e-01,-4.80408251e-01,-0.577498,-30.892895,-7.02875331e-02,-5.43588474e-02,-21.026357
5.825000e+10,8.01527381e-01,-4.82399821e-01,-0.579147,-31.041662,-7.02435151e-02,-5.44565096e-02,-21.023914
5.850000e+10,8.00111711e-01,-4.84391332e-01,-0.580844,-31.190907,-7.01983795e-02,-5.45528308e-02,-21.021627
5.875000e+10,7.98682928e-01,-4.86382723e-01,-0.582588,-31.340620,-7.01520517e-02,-5.46476766e-02,-21.019510
5.900000e+10,7.97240853e-01,-4.88374233e-01,-0.584377,-31.490825,-7.01045617e-02,-5.47410548e-02,-21.017558
5.925000e+10,7.95785487e-01,-4.90365744e-01,-0.586212,-31.641518,-7.00558499e-02,-5.48328236e-02,-21.015787
5.950000e+10,7.94316471e-01,-4.92356986e-01,-0.588097,-31.792700,-7.00059608e-02,-5.49229756e-02,-21.014192
5.975000e+10,7.92834163e-01,-4.94348019e-01,-0.590027,-31.944368,-6.99549988e-02,-5.50114140e-02,-21.012771
6.000000e+10,7.91338205e-01,-4.96338964e-01,-0.592005,-32.096542,-6.99029341e-02,-5.50981164e-02,-21.011530
6.025000e+10,7.89828658e-01,-4.98329580e-01,-0.594030,-32.249212,-6.98497966e-02,-5.51830754e-02,-21.010464
6.050000e+10,7.88305283e-01,-5.00319898e-01,-0.596104,-32.402391,-6.97956011e-02,-5.52662387e-02,-21.009578
6.075000e+10,7.86768317e-01,-5.02309680e-01,-0.598226,-32.556064,-6.97404966e-02,-5.53476289e-02,-21.008858
6.100000e+10,7.85217702e-01,-5.04299045e-01,-0.600395,-32.710242,-6.96844533e-02,-5.54272607e-02,-21.008306
6.125000e+10,7.83653378e-01,-5.06287694e-01,-0.602612,-32.864916,-6.96277544e-02,-5.55051789e-02,-21.007898
6.150000e+10,7.82075405e-01,-5.08275568e-01,-0.604877,-33.020085,-6.95703551e-02,-5.55814430e-02,-21.007634
6.175000e+10,7.80483484e-01,-5.10262489e-01,-0.607193,-33.175753,-6.95123896e-02,-5.56561425e-02,-21.007499
6.200000e+10,7.78877974e-01,-5.12248218e-01,-0.609557,-33.331901,-6.94541261e-02,-5.57293296e-02,-21.007469
6.225000e+10,7.77258992e-01,-5.14232695e-01,-0.611968,-33.488526,-6.93956688e-02,-5.58011383e-02,-21.007528
6.250000e+10,7.75626540e-01,-5.16215622e-01,-0.614427,-33.645616,-6.93371370e-02,-5.58717325e-02,-21.007657
6.275000e+10,7.73980618e-01,-5.18196940e-01,-0.616934,-33.803173,-6.92788735e-02,-5.59411943e-02,-21.007827
6.300000e+10,7.72321701e-01,-5.20176411e-01,-0.619487,-33.961172,-6.92210421e-02,-5.60097173e-02,-21.008012
6.325000e+10,7.70649552e-01,-5.22153735e-01,-0.622088,-34.119610,-6.91637769e-02,-5.60774580e-02,-21.008194
6.350000e+10,7.68964767e-01,-5.24128675e-01,-0.624732,-34.278459,-6.91075847e-02,-5.61446548e-02,-21.008319
6.375000e+10,7.67267346e-01,-5.26100993e-01,-0.627422,-34.437710,-6.90524653e-02,-5.62113523e-02,-21.008386
6.400000e+10,7.65557766e-01,-5.28070867e-01,-0.630153,-34.597360,-6.89988956e-02,-5.62778041e-02,-21.008342
6.425000e+10,7.63836265e-01,-5.30037403e-01,-0.632925,-34.757359,-6.89469352e-02,-5.63442335e-02,-21.008170
6.450000e+10,7.62102962e-01,-5.32001138e-01,-0.635737,-34.917734,-6.88970312e-02,-5.64107373e-02,-21.007831
6.475000e+10,7.60358691e-01,-5.33961535e-01,-0.638583,-35.078431,-6.88493773e-02,-5.64774945e-02,-21.007299
6.500000e+10,7.58603573e-01,-5.35918355e-01,-0.641463,-35.239439,-6.88042715e-02,-5.65446764e-02,-21.006541
6.525000e+10,7.56837726e-01,-5.37871480e-01,-0.644378,-35.400750,-6.87619671e-02,-5.66124097e-02,-21.005531
6.550000e+10,7.55061924e-01,-5.39820969e-01,-0.647320,-35.562342,-6.87227026e-02,-5.66807911e-02,-21.004245
6.575000e+10,7.53276587e-01,-5.41766584e-01,-0.650288,-35.724193,-6.86866716e-02,-5.67500293e-02,-21.002657
6.600000e+10,7.51482189e-01,-5.43708324e-01,-0.653278,-35.886287,-6.86541423e-02,-5.68200052e-02,-21.000754
6.625000e+10,7.49678850e-01,-5.45646012e-01,-0.656289,-36.048614,-6.86252341e-02,-5.68910167e-02,-20.998509
6.650000e+10,7.47867107e-01,-5.47579765e-01,-0.659316,-36.211163,-6.86002448e-02,-5.69629446e-02,-20.995908
6.675000e+10,7.46047556e-01,-5.49509287e-01,-0.662357,-36.373899,-6.85792193e-02,-5.70359007e-02,-20.992941
6.700000e+10,7.44220495e-01,-5.51434755e-01,-0.665408,-36.536824,-6.85623810e-02,-5.71099147e-02,-20.989591
6.725000e+10,7.42386103e-01,-5.53356230e-01,-0.668468,-36.699935,-6.85497597e-02,-5.71849570e-02,-20.985859
6.750000e+10,7.40545034e-01,-5.55273592e-01,-0.671531,-36.863203,-6.85415491e-02,-5.72609529e-02,-20.981734
6.775000e+10,7.38697648e-01,-5.57186842e-01,-0.674596,-37.026618,-6.85377792e-02,-5.73379844e-02,-20.977212
6.800000e+10,7.36844301e-01,-5.59096217e-01,-0.677657,-37.190179,-6.85386434e-02,-5.74159175e-02,-20.972286
6.825000e+10,7.34985352e-01,-5.61001718e-01,-0.680713,-37.353873,-6.85440227e-02,-5.74946851e-02,-20.966972
6.850000e+10,7.33121097e-01,-5.62903106e-01,-0.683761,-37.517680,-6.85540065e-02,-5.75743392e-02,-20.961259
6.875000e+10,7.31251776e-01,-5.64800918e-01,-0.686798,-37.681617,-6.85686097e-02,-5.76546863e-02,-20.955162
6.900000e+10,7.29377627e-01,-5.66694856e-01,-0.689824,-37.845661,-6.85879961e-02,-5.77357635e-02,-20.948665
6.925000e+10,7.27499187e-01,-5.68585157e-01,-0.692831,-38.009804,-6.86119869e-02,-5.78174368e-02,-20.941793
6.950000e+10,7.25616455e-01,-5.70472121e-01,-0.695820,-38.174062,-6.86405227e-02,-5.78996614e-02,-20.934553
6.975000e+10,7.23729849e-01,-5.72355270e-01,-0.698789,-38.338394,-6.86738417e-02,-5.79822734e-02,-20.926940
7.000000e+10,7.21839428e-01,-5.74234962e-01,-0.701736,-38.502817,-6.87117651e-02,-5.80652729e-02,-20.918968
7.025000e+10,7.19945669e-01,-5.76111555e-01,-0.704655,-38.667330,-6.87542930e-02,-5.81484810e-02,-20.910649
7.050000e+10,7.18048692e-01,-5.77984631e-01,-0.707547,-38.831907,-6.88013360e-02,-5.82319126e-02,-20.901991
7.075000e+10,7.16148496e-01,-5.79854548e-01,-0.710412,-38.996566,-6.88528791e-02,-5.83154932e-02,-20.893001
7.100000e+10,7.14245200e-01,-5.81721663e-01,-0.713245,-39.161318,-6.89089075e-02,-5.83990887e-02,-20.883689
7.125000e+10,7.12339342e-01,-5.83585322e-01,-0.716046,-39.326112,-6.89694062e-02,-5.84825501e-02,-20.874067
7.150000e+10,7.10430920e-01,-5.85446358e-01,-0.718810,-39.490986,-6.90341517e-02,-5.85659519e-02,-20.864148
7.175000e+10,7.08519757e-01,-5.87304056e-01,-0.721544,-39.655912,-6.91032931e-02,-5.86490780e-02,-20.853935
7.200000e+10,7.06606627e-01,-5.89159191e-01,-0.724236,-39.820897,-6.91765919e-02,-5.87319285e-02,-20.843448
7.225000e+10,7.04691052e-01,-5.91011643e-01,-0.726891,-39.985953,-6.92540631e-02,-5.88143915e-02,-20.832694
7.250000e+10,7.02773333e-01,-5.92861235e-01,-0.729507,-40.151058,-6.93357661e-02,-5.88965341e-02,-20.821664
7.275000e+10,7.00853646e-01,-5.94708145e-01,-0.732083,-40.316213,-6.94214478e-02,-5.89780435e-02,-20.810398
7.300000e+10,6.98932052e-01,-5.96552551e-01,-0.734616,-40.481423,-6.95111230e-02,-5.90590835e-02,-20.798886
7.325000e+10,6.97008491e-01,-5.98394096e-01,-0.737109,-40.646673,-6.96047321e-02,-5.91395423e-02,-20.787140
7.350000e+10,6.95083499e-01,-6.00233436e-01,-0.739555,-40.811970,-6.97021857e-02,-5.92192635e-02,-20.775177
7.375000e+10,6.93156719e-01,-6.02070093e-01,-0.741958,-40.977306,-6.98034540e-02,-5.92982024e-02,-20.763002
7.400000e+10,6.91228271e-01,-6.03904366e-01,-0.744316,-41.142689,-6.99083433e-02,-5.93764409e-02,-20.750626
7.425000e+10,6.89298272e-01,-6.05736375e-01,-0.746628,-41.308117,-7.00169578e-02,-5.94538674e-02,-20.738049
7.450000e+10,6.87366843e-01,-6.07565880e-01,-0.748894,-41.473575,-7.01290891e-02,-5.95303401e-02,-20.725295
7.475000e+10,6.85433745e-01,-6.09393358e-01,-0.751112,-41.639092,-7.02447072e-02,-5.96059039e-02,-20.712365
7.500000e+10,6.83499336e-01,-6.11218274e-01,-0.753284,-41.804627,-7.03637525e-02,-5.96805140e-02,-20.699265
7.525000e+10,6.81563616e-01,-6.13040924e-01,-0.755408,-41.970194,-7.04861656e-02,-5.97540885e-02,-20.686006
7.550000e+10,6.79626405e-01,-6.14861548e-01,-0.757482,-42.135808,-7.06118718e-02,-5.98266199e-02,-20.672594
7.575000e+10,6.77687883e-01,-6.16679788e-01,-0.759509,-42.301446,-7.07407072e-02,-5.98980114e-02,-20.659047
7.600000e+10,6.75747991e-01,-6.18495941e-01,-0.761487,-42.467121,-7.08727464e-02,-5.99682704e-02,-20.645361
7.625000e+10,6.73806906e-01,-6.20309949e-01,-0.763415,-42.632821,-7.10077658e-02,-6.00373819e-02,-20.631551
7.650000e+10,6.71864390e-01,-6.22121930e-01,-0.765293,-42.798562,-7.11457953e-02,-6.01052567e-02,-20.617623
7.675000e+10,6.69920564e-01,-6.23931527e-01,-0.767124,-42.964320,-7.12867454e-02,-6.01718798e-02,-20.603582
7.700000e+10,6.67975545e-01,-6.25739336e-01,-0.768902,-43.130116,-7.14305267e-02,-6.02372363e-02,-20.589437
7.725000e+10,6.66029215e-01,-6.27544880e-01,-0.770632,-43.295931,-7.15770945e-02,-6.03012294e-02,-20.575198
7.750000e+10,6.64081573e-01,-6.29348516e-01,-0.772310,-43.461780,-7.17263445e-02,-6.03638962e-02,-20.560868
7.775000e+10,6.62132561e-01,-6.31150007e-01,-0.773940,-43.627655,-7.18781725e-02,-6.04251400e-02,-20.546462
7.800000e+10,6.60182357e-01,-6.32949591e-01,-0.775517,-43.793555,-7.20325932e-02,-6.04850128e-02,-20.531975
7.825000e+10,6.58230722e-01,-6.34747386e-01,-0.777044,-43.959497,-7.21894577e-02,-6.05434403e-02,-20.517423
7.850000e+10,6.56277776e-01,-6.36543155e-01,-0.778521,-44.125461,-7.23487809e-02,-6.06003776e-02,-20.502806
7.875000e+10,6.54323518e-01,-6.38336837e-01,-0.779947,-44.291444,-7.25104436e-02,-6.06557503e-02,-20.488139
7.900000e+10,6.52367830e-01,-6.40128791e-01,-0.781322,-44.457465,-7.26743117e-02,-6.07096329e-02,-20.473424
7.925000e+10,6.50410831e-01,-6.41918540e-01,-0.782648,-44.623497,-7.28404596e-02,-6.07619360e-02,-20.458663
7.950000e+10,6.48452282e-01,-6.43706620e-01,-0.783923,-44.789573,-7.30086938e-02,-6.08126894e-02,-20.443867
7.975000e+10,6.46492481e-01,-6.45492673e-01,-0.785147,-44.955661,-7.31790438e-02,-6.08618036e-02,-20.429038
8.000000e+10,6.44531250e-01,-6.47276998e-01,-0.786319,-45.121782,-7.33514205e-02,-6.09092116e-02,-20.414188
8.025000e+10,6.42568469e-01,-6.49059415e-01,-0.787442,-45.287932,-7.35256448e-02,-6.09549731e-02,-20.399323
8.050000e+10,6.40604317e-01,-6.50840223e-01,-0.788512,-45.454113,-7.37017319e-02,-6.09989688e-02,-20.384451
8.075000e+10,6.38638556e-01,-6.52619123e-01,-0.789533,-45.620323,-7.38797560e-02,-6.10412657e-02,-20.369561
8.100000e+10,6.36671424e-01,-6.54396176e-01,-0.790502,-45.786550,-7.40594491e-02,-6.10818043e-02,-20.354675
8.125000e+10,6.34702682e-01,-6.56171679e-01,-0.791419,-45.952819,-7.42407963e-02,-6.11205697e-02,-20.339794
8.150000e+10,6.32732570e-01,-6.57945216e-01,-0.792286,-46.119098,-7.44239613e-02,-6.11574873e-02,-20.324911
8.175000e+10,6.30760670e-01,-6.59717321e-01,-0.793102,-46.285427,-7.46085569e-02,-6.11925349e-02,-20.310054
8.200000e+10,6.28787279e-01,-6.61487758e-01,-0.793865,-46.451782,-7.47947320e-02,-6.12258092e-02,-20.295205
8.225000e+10,6.26812458e-01,-6.63256109e-01,-0.794580,-46.618141,-7.49823377e-02,-6.12571314e-02,-20.280386
8.250000e+10,6.24835908e-01,-6.65023208e-01,-0.795241,-46.784550,-7.51713738e-02,-6.12865165e-02,-20.265594
8.275000e+10,6.22857690e-01,-6.66788816e-01,-0.795850,-46.950996,-7.53617361e-02,-6.13140240e-02,-20.250832
8.300000e+10,6.20877922e-01,-6.68552637e-01,-0.796408,-47.117459,-7.55534396e-02,-6.13395050e-02,-20.236107
8.325000e+10,6.18896604e-01,-6.70314908e-01,-0.796914,-47.283947,-7.57464096e-02,-6.13629743e-02,-20.221423
8.350000e+10,6.16913617e-01,-6.72075629e-01,-0.797368,-47.450465,-7.59405866e-02,-6.13845065e-02,-20.206779
8.375000e+10,6.14928901e-01,-6.73834920e-01,-0.797770,-47.617019,-7.61359408e-02,-6.14039227e-02,-20.192186
8.400000e+10,6.12942934e-01,-6.75592780e-01,-0.798116,-47.783584,-7.63323084e-02,-6.14213124e-02,-20.177650
8.425000e+10,6.10954881e-01,-6.77349091e-01,-0.798414,-47.950193,-7.65298828e-02,-6.14366010e-02,-20.163160
8.450000e+10,6.08965516e-01,-6.79103911e-01,-0.798656,-48.116811,-7.67284557e-02,-6.14497736e-02,-20.148732
8.475000e+10,6.06974125e-01,-6.80857658e-01,-0.798846,-48.283487,-7.69279674e-02,-6.14607856e-02,-20.134369
8.500000e+10,6.04981482e-01,-6.82609916e-01,-0.798981,-48.450166,-7.71284476e-02,-6.14696592e-02,-20.120070
8.525000e+10,6.02987111e-01,-6.84360743e-01,-0.799064,-48.616871,-7.73298815e-02,-6.14763349e-02,-20.105835
8.550000e+10,6.00991249e-01,-6.86110377e-01,-0.799091,-48.783598,-7.75320604e-02,-6.14808574e-02,-20.091678
8.575000e+10,5.98993659e-01,-6.87858641e-01,-0.799065,-48.950351,-7.77351335e-02,-6.14831224e-02,-20.077592
8.600000e+10,5.96994638e-01,-6.89605951e-01,-0.798981,-49.117130,-7.79389217e-02,-6.14831299e-02,-20.063588
8.625000e+10,5.94993889e-01,-6.91351891e-01,-0.798844,-49.283930,-7.81434998e-02,-6.14809170e-02,-20.049658
8.650000e+10,5.92991650e-01,-6.93096638e-01,-0.798652,-49.450746,-7.83487931e-02,-6.14764318e-02,-20.035809
8.675000e+10,5.90987802e-01,-6.94840312e-01,-0.798403,-49.617586,-7.85547122e-02,-6.14695549e-02,-20.022053
8.700000e+10,5.88982582e-01,-6.96582854e-01,-0.798098,-49.784436,-7.87613466e-02,-6.14603832e-02,-20.008378
8.725000e+10,5.86975873e-01,-6.98324502e-01,-0.797734,-49.951308,-7.89686069e-02,-6.14489242e-02,-19.994787
8.750000e+10,5.84967852e-01,-7.00064898e-01,-0.797315,-50.118177,-7.91764632e-02,-6.14350215e-02,-19.981290
8.775000e+10,5.82958281e-01,-7.01804280e-01,-0.796838,-50.285063,-7.93848559e-02,-6.14187643e-02,-19.967886
8.800000e+10,5.80947280e-01,-7.03542948e-01,-0.796301,-50.451969,-7.95936510e-02,-6.14001602e-02,-19.954581
8.825000e+10,5.78934908e-01,-7.05280542e-01,-0.795708,-50.618878,-7.98030421e-02,-6.13790676e-02,-19.941370
8.850000e+10,5.76921344e-01,-7.07017183e-01,-0.795054,-50.785782,-8.00129250e-02,-6.13555908e-02,-19.928253
8.875000e+10,5.74906528e-01,-7.08753228e-01,-0.794339,-50.952698,-8.02231207e-02,-6.13296106e-02,-19.915246
8.900000e+10,5.72890341e-01,-7.10488141e-01,-0.793567,-51.119607,-8.04338530e-02,-6.13012984e-02,-19.902325
8.925000e+10,5.70873082e-01,-7.12222457e-01,-0.792732,-51.286514,-8.06449428e-02,-6.12704307e-02,-19.889512
8.950000e+10,5.68854570e-01,-7.13956177e-01,-0.791835,-51.453425,-8.08564201e-02,-6.12370297e-02,-19.876803
8.975000e+10,5.66835046e-01,-7.15688586e-01,-0.790881,-51.620300,-8.10682699e-02,-6.12011477e-02,-19.864194
