# Tessera TSV -- PUBLIC checkpoint, SCALE-MODEL evaluation at the pipeline's Ka band. This IS InterconnectBlock(source='tessera')'s DEFAULT over 28.5-31.5 GHz (band_hz with scale=None), NOT a direct evaluation of the shipped geometry at these frequencies -- compare against the in-band slice of tessera_tsv_s21_public.csv, which differs measurably (see each file's in-band mean/ripple in e2e/data/interconnect/README.md).
# presented geometry: radius 2.5 um, pitch 30 um, height 50 um, liner 0.25 um, 300 K
# model geometry actually evaluated: radius 5 um, pitch 60 um, height 100 um, liner 0.5 um, 300 K -- scale x2 applied to all four lengths together (F91), frequency evaluated at /2 and reported at the real Ka frequencies
# arrangement: ring3x3
# checkpoint: models/best_model.pth, commit e53bb885429586fb01209c82bb5c684f778b8cf4, sha256 97fb2a651bf475d124609e16e0feeecd7e97c8e1d5f494696bab9b838c6d3e09
# wrapper: e2e_sim_public commit 88f6240434f6371b37db45c8fb909f19b6b6bfb7, TesseraTSV.OUTPUT_VERSION=1
# scale: 2 -- auto-resolved by e2e.blocks._resolve_tessera_scale for this band (see F91, notes/ESTABLISHED_FACTS.md); NOT the direct evaluation
# generated: 2026-09-23
# command: python -m e2e.data.interconnect.regenerate_tessera_tsv
# phase is the surrogate's OWN phase (not a minimum-phase reconstruction).
# columns: freq_hz,s21_re,s21_im,s21_abs_db,s21_phase_deg,s11_re,s11_im,s11_abs_db
freq_hz,s21_re,s21_im,s21_abs_db,s21_phase_deg,s11_re,s11_im,s11_abs_db
2.850000e+10,9.27541137e-01,-1.45970047e-01,-0.547088,-8.943465,-5.01109660e-02,-2.74383947e-02,-24.862533
2.851000e+10,9.27532077e-01,-1.46008983e-01,-0.547115,-8.945898,-5.01189902e-02,-2.74427831e-02,-24.861142
2.852000e+10,9.27523017e-01,-1.46047667e-01,-0.547142,-8.948316,-5.01270071e-02,-2.74471417e-02,-24.859755
2.853000e+10,9.27513897e-01,-1.46086469e-01,-0.547169,-8.950741,-5.01349941e-02,-2.74515077e-02,-24.858372
2.854000e+10,9.27504897e-01,-1.46125332e-01,-0.547196,-8.953169,-5.01430333e-02,-2.74558738e-02,-24.856982
2.855000e+10,9.27495837e-01,-1.46164119e-01,-0.547223,-8.955593,-5.01510501e-02,-2.74602249e-02,-24.855596
2.856000e+10,9.27486598e-01,-1.46202937e-01,-0.547251,-8.958021,-5.01590446e-02,-2.74645761e-02,-24.854213
2.857000e+10,9.27477658e-01,-1.46241724e-01,-0.547277,-8.960444,-5.01670316e-02,-2.74689570e-02,-24.852830
2.858000e+10,9.27468657e-01,-1.46280542e-01,-0.547303,-8.962869,-5.01750484e-02,-2.74733007e-02,-24.851445
2.859000e+10,9.27459538e-01,-1.46319360e-01,-0.547331,-8.965296,-5.01830503e-02,-2.74776667e-02,-24.850061
2.860000e+10,9.27450418e-01,-1.46358132e-01,-0.547358,-8.967720,-5.01910374e-02,-2.74820253e-02,-24.848680
2.861000e+10,9.27441239e-01,-1.46397009e-01,-0.547386,-8.970150,-5.01990542e-02,-2.74864137e-02,-24.847293
2.862000e+10,9.27432418e-01,-1.46435738e-01,-0.547411,-8.972569,-5.02070338e-02,-2.74907425e-02,-24.845915
2.863000e+10,9.27423239e-01,-1.46474540e-01,-0.547439,-8.974995,-5.02150282e-02,-2.74951011e-02,-24.844534
2.864000e+10,9.27414179e-01,-1.46513373e-01,-0.547465,-8.977422,-5.02230152e-02,-2.74994746e-02,-24.843152
2.865000e+10,9.27405298e-01,-1.46552116e-01,-0.547491,-8.979842,-5.02310097e-02,-2.75038034e-02,-24.841773
2.866000e+10,9.27396178e-01,-1.46590903e-01,-0.547518,-8.982267,-5.02390116e-02,-2.75081396e-02,-24.840393
2.867000e+10,9.27386999e-01,-1.46629676e-01,-0.547546,-8.984691,-5.02469912e-02,-2.75124982e-02,-24.839014
2.868000e+10,9.27377939e-01,-1.46668494e-01,-0.547572,-8.987117,-5.02549931e-02,-2.75168940e-02,-24.837630
2.869000e+10,9.27368879e-01,-1.46707296e-01,-0.547599,-8.989542,-5.02629355e-02,-2.75212303e-02,-24.836258
2.870000e+10,9.27359819e-01,-1.46746069e-01,-0.547626,-8.991966,-5.02708927e-02,-2.75255740e-02,-24.834884
2.871000e+10,9.27350879e-01,-1.46784902e-01,-0.547651,-8.994392,-5.02788648e-02,-2.75299102e-02,-24.833509
2.872000e+10,9.27341700e-01,-1.46823645e-01,-0.547679,-8.996814,-5.02868667e-02,-2.75342762e-02,-24.832128
2.873000e+10,9.27332580e-01,-1.46862388e-01,-0.547707,-8.999237,-5.02947941e-02,-2.75386199e-02,-24.830759
2.874000e+10,9.27323580e-01,-1.46901205e-01,-0.547733,-9.001662,-5.03028035e-02,-2.75429860e-02,-24.829377
2.875000e+10,9.27314639e-01,-1.46940053e-01,-0.547758,-9.004089,-5.03107235e-02,-2.75473148e-02,-24.828010
2.876000e+10,9.27305520e-01,-1.46978825e-01,-0.547785,-9.006513,-5.03186956e-02,-2.75516659e-02,-24.826635
2.877000e+10,9.27296519e-01,-1.47017583e-01,-0.547811,-9.008935,-5.03266454e-02,-2.75560096e-02,-24.825263
2.878000e+10,9.27287519e-01,-1.47056252e-01,-0.547838,-9.011352,-5.03346398e-02,-2.75603384e-02,-24.823887
2.879000e+10,9.27278221e-01,-1.47095039e-01,-0.547866,-9.013779,-5.03425896e-02,-2.75646895e-02,-24.822516
2.880000e+10,9.27269340e-01,-1.47133902e-01,-0.547891,-9.016206,-5.03505319e-02,-2.75690407e-02,-24.821145
2.881000e+10,9.27260280e-01,-1.47172600e-01,-0.547918,-9.018625,-5.03584966e-02,-2.75733918e-02,-24.819772
2.882000e+10,9.27250981e-01,-1.47211388e-01,-0.547946,-9.021052,-5.03664389e-02,-2.75777057e-02,-24.818405
2.883000e+10,9.27242160e-01,-1.47250116e-01,-0.547971,-9.023470,-5.03743812e-02,-2.75820643e-02,-24.817035
2.884000e+10,9.27233100e-01,-1.47288918e-01,-0.547997,-9.025896,-5.03823087e-02,-2.75864005e-02,-24.815668
2.885000e+10,9.27223980e-01,-1.47327662e-01,-0.548024,-9.028318,-5.03902361e-02,-2.75907218e-02,-24.814303
2.886000e+10,9.27215099e-01,-1.47366434e-01,-0.548049,-9.030740,-5.03981784e-02,-2.75950581e-02,-24.812935
2.887000e+10,9.27205920e-01,-1.47405207e-01,-0.548077,-9.033165,-5.04061207e-02,-2.75994241e-02,-24.811565
2.888000e+10,9.27196741e-01,-1.47443905e-01,-0.548104,-9.035585,-5.04140556e-02,-2.76037455e-02,-24.810199
2.889000e+10,9.27187562e-01,-1.47482619e-01,-0.548132,-9.038007,-5.04219756e-02,-2.76080742e-02,-24.808835
2.890000e+10,9.27178741e-01,-1.47521436e-01,-0.548156,-9.040431,-5.04299179e-02,-2.76124179e-02,-24.807468
2.891000e+10,9.27169561e-01,-1.47560224e-01,-0.548184,-9.042856,-5.04378453e-02,-2.76167616e-02,-24.806102
2.892000e+10,9.27160501e-01,-1.47598952e-01,-0.548210,-9.045278,-5.04457578e-02,-2.76210904e-02,-24.804740
2.893000e+10,9.27151501e-01,-1.47637680e-01,-0.548236,-9.047698,-5.04536778e-02,-2.76254341e-02,-24.803376
2.894000e+10,9.27142441e-01,-1.47676438e-01,-0.548262,-9.050121,-5.04616126e-02,-2.76297554e-02,-24.802012
2.895000e+10,9.27133322e-01,-1.47715151e-01,-0.548289,-9.052542,-5.04695028e-02,-2.76340768e-02,-24.800654
2.896000e+10,9.27124381e-01,-1.47753954e-01,-0.548315,-9.054966,-5.04774004e-02,-2.76384056e-02,-24.799294
2.897000e+10,9.27115262e-01,-1.47792667e-01,-0.548342,-9.057387,-5.04853204e-02,-2.76427567e-02,-24.797930
2.898000e+10,9.27106142e-01,-1.47831410e-01,-0.548368,-9.059810,-5.04932478e-02,-2.76470780e-02,-24.796568
2.899000e+10,9.27097082e-01,-1.47870168e-01,-0.548395,-9.062232,-5.05011752e-02,-2.76514217e-02,-24.795204
2.900000e+10,9.27088141e-01,-1.47908807e-01,-0.548420,-9.064647,-5.05090281e-02,-2.76557133e-02,-24.793854
2.901000e+10,9.27079082e-01,-1.47947669e-01,-0.548446,-9.067076,-5.05169705e-02,-2.76600569e-02,-24.792489
2.902000e+10,9.27069962e-01,-1.47986248e-01,-0.548473,-9.069489,-5.05248532e-02,-2.76643857e-02,-24.791133
2.903000e+10,9.27060843e-01,-1.48025051e-01,-0.548500,-9.071915,-5.05327210e-02,-2.76686996e-02,-24.789780
2.904000e+10,9.27051902e-01,-1.48063749e-01,-0.548525,-9.074334,-5.05406186e-02,-2.76730210e-02,-24.788423
2.905000e+10,9.27042723e-01,-1.48102507e-01,-0.548553,-9.076758,-5.05485386e-02,-2.76773572e-02,-24.787062
2.906000e+10,9.27033722e-01,-1.48141220e-01,-0.548578,-9.079178,-5.05564362e-02,-2.76816934e-02,-24.785704
2.907000e+10,9.27024543e-01,-1.48179963e-01,-0.548606,-9.081601,-5.05643189e-02,-2.76860073e-02,-24.784350
2.908000e+10,9.27015662e-01,-1.48218691e-01,-0.548630,-9.084021,-5.05722091e-02,-2.76903063e-02,-24.782996
2.909000e+10,9.27006602e-01,-1.48257419e-01,-0.548656,-9.086442,-5.05800992e-02,-2.76946276e-02,-24.781641
2.910000e+10,9.26997483e-01,-1.48296103e-01,-0.548683,-9.088861,-5.05879447e-02,-2.76989564e-02,-24.780291
2.911000e+10,9.26988482e-01,-1.48334816e-01,-0.548709,-9.091281,-5.05958200e-02,-2.77032480e-02,-24.778941
2.912000e+10,9.26979363e-01,-1.48373619e-01,-0.548735,-9.093707,-5.06036803e-02,-2.77075768e-02,-24.777590
2.913000e+10,9.26970422e-01,-1.48412213e-01,-0.548761,-9.096119,-5.06115928e-02,-2.77118906e-02,-24.776233
2.914000e+10,9.26961243e-01,-1.48450971e-01,-0.548788,-9.098544,-5.06194606e-02,-2.77162045e-02,-24.774882
2.915000e+10,9.26952302e-01,-1.48489580e-01,-0.548813,-9.100957,-5.06273136e-02,-2.77205333e-02,-24.773533
2.916000e+10,9.26943064e-01,-1.48528367e-01,-0.548841,-9.103383,-5.06351665e-02,-2.77248695e-02,-24.772183
2.917000e+10,9.26934004e-01,-1.48567036e-01,-0.548867,-9.105801,-5.06430715e-02,-2.77291685e-02,-24.770829
2.918000e+10,9.26925182e-01,-1.48605764e-01,-0.548891,-9.108220,-5.06509244e-02,-2.77334973e-02,-24.769480
2.919000e+10,9.26915944e-01,-1.48644507e-01,-0.548918,-9.110645,-5.06587401e-02,-2.77377963e-02,-24.768139
2.920000e+10,9.26906884e-01,-1.48683205e-01,-0.548944,-9.113064,-5.06666228e-02,-2.77421176e-02,-24.766787
2.921000e+10,9.26897824e-01,-1.48721889e-01,-0.548970,-9.115483,-5.06744757e-02,-2.77464315e-02,-24.765440
2.922000e+10,9.26888764e-01,-1.48760617e-01,-0.548996,-9.117904,-5.06823286e-02,-2.77507380e-02,-24.764093
2.923000e+10,9.26879764e-01,-1.48799315e-01,-0.549022,-9.120324,-5.06901518e-02,-2.77550220e-02,-24.762753
2.924000e+10,9.26870525e-01,-1.48838058e-01,-0.549049,-9.122748,-5.06980196e-02,-2.77593434e-02,-24.761404
2.925000e+10,9.26861584e-01,-1.48876712e-01,-0.549074,-9.125164,-5.07058874e-02,-2.77636498e-02,-24.760056
2.926000e+10,9.26852524e-01,-1.48915380e-01,-0.549100,-9.127582,-5.07137477e-02,-2.77679637e-02,-24.758709
2.927000e+10,9.26843286e-01,-1.48954079e-01,-0.549128,-9.130003,-5.07215410e-02,-2.77722627e-02,-24.757372
2.928000e+10,9.26834345e-01,-1.48992747e-01,-0.549153,-9.132420,-5.07293865e-02,-2.77765691e-02,-24.756028
2.929000e+10,9.26825285e-01,-1.49031416e-01,-0.549179,-9.134838,-5.07371947e-02,-2.77808830e-02,-24.754688
2.930000e+10,9.26816285e-01,-1.49070114e-01,-0.549204,-9.137257,-5.07450476e-02,-2.77851894e-02,-24.753343
2.931000e+10,9.26807165e-01,-1.49108797e-01,-0.549231,-9.139677,-5.07528707e-02,-2.77894735e-02,-24.752004
2.932000e+10,9.26798165e-01,-1.49147496e-01,-0.549256,-9.142096,-5.07606938e-02,-2.77938098e-02,-24.750662
2.933000e+10,9.26789045e-01,-1.49186209e-01,-0.549282,-9.144517,-5.07685468e-02,-2.77981162e-02,-24.749318
2.934000e+10,9.26779985e-01,-1.49224862e-01,-0.549308,-9.146934,-5.07763103e-02,-2.78023928e-02,-24.747988
2.935000e+10,9.26771104e-01,-1.49263471e-01,-0.549333,-9.149347,-5.07841632e-02,-2.78066918e-02,-24.746645
2.936000e+10,9.26761985e-01,-1.49302170e-01,-0.549359,-9.151768,-5.07919714e-02,-2.78109983e-02,-24.745307
2.937000e+10,9.26752806e-01,-1.49340793e-01,-0.549386,-9.154184,-5.07998094e-02,-2.78152972e-02,-24.743966
2.938000e+10,9.26743865e-01,-1.49379537e-01,-0.549411,-9.156606,-5.08076027e-02,-2.78195888e-02,-24.742632
2.939000e+10,9.26734805e-01,-1.49418205e-01,-0.549436,-9.159024,-5.08154258e-02,-2.78238729e-02,-24.741295
2.940000e+10,9.26725984e-01,-1.49456859e-01,-0.549460,-9.161439,-5.08232266e-02,-2.78281942e-02,-24.739958
2.941000e+10,9.26716626e-01,-1.49495497e-01,-0.549489,-9.163858,-5.08310273e-02,-2.78324857e-02,-24.738623
2.942000e+10,9.26707625e-01,-1.49534196e-01,-0.549514,-9.166277,-5.08388355e-02,-2.78367698e-02,-24.737289
2.943000e+10,9.26698446e-01,-1.49572849e-01,-0.549541,-9.168696,-5.08466437e-02,-2.78410539e-02,-24.735954
2.944000e+10,9.26689565e-01,-1.49611562e-01,-0.549565,-9.171115,-5.08544371e-02,-2.78453678e-02,-24.734619
2.945000e+10,9.26680446e-01,-1.49650186e-01,-0.549591,-9.173531,-5.08622155e-02,-2.78496593e-02,-24.733289
2.946000e+10,9.26671326e-01,-1.49688885e-01,-0.549617,-9.175952,-5.08700460e-02,-2.78539285e-02,-24.731953
2.947000e+10,9.26662445e-01,-1.49727494e-01,-0.549641,-9.178365,-5.08778170e-02,-2.78582573e-02,-24.730621
2.948000e+10,9.26653266e-01,-1.49766162e-01,-0.549668,-9.180784,-5.08855805e-02,-2.78625041e-02,-24.729296
2.949000e+10,9.26644146e-01,-1.49804801e-01,-0.549694,-9.183201,-5.08933589e-02,-2.78668180e-02,-24.727964
2.950000e+10,9.26635087e-01,-1.49843469e-01,-0.549720,-9.185619,-5.09011671e-02,-2.78711095e-02,-24.726630
2.951000e+10,9.26625967e-01,-1.49882063e-01,-0.549746,-9.188034,-5.09089455e-02,-2.78753936e-02,-24.725301
2.952000e+10,9.26617146e-01,-1.49920717e-01,-0.549770,-9.190449,-5.09167239e-02,-2.78797001e-02,-24.723971
2.953000e+10,9.26607966e-01,-1.49959400e-01,-0.549797,-9.192869,-5.09245023e-02,-2.78839767e-02,-24.722643
2.954000e+10,9.26599026e-01,-1.49998099e-01,-0.549821,-9.195288,-5.09322658e-02,-2.78882533e-02,-24.721317
2.955000e+10,9.26589847e-01,-1.50036663e-01,-0.549848,-9.197702,-5.09400666e-02,-2.78925672e-02,-24.719984
2.956000e+10,9.26580846e-01,-1.50075346e-01,-0.549873,-9.200120,-5.09478003e-02,-2.78968140e-02,-24.718664
2.957000e+10,9.26571608e-01,-1.50113925e-01,-0.549900,-9.202535,-5.09555861e-02,-2.79011130e-02,-24.717334
2.958000e+10,9.26562667e-01,-1.50152609e-01,-0.549925,-9.204953,-5.09633645e-02,-2.79053822e-02,-24.716008
2.959000e+10,9.26553667e-01,-1.50191203e-01,-0.549950,-9.207367,-5.09711131e-02,-2.79096738e-02,-24.714684
2.960000e+10,9.26544487e-01,-1.50229871e-01,-0.549976,-9.209786,-5.09788841e-02,-2.79139578e-02,-24.713358
2.961000e+10,9.26535487e-01,-1.50268510e-01,-0.550001,-9.212202,-5.09866253e-02,-2.79182345e-02,-24.712036
2.962000e+10,9.26526487e-01,-1.50307149e-01,-0.550026,-9.214618,-5.09944037e-02,-2.79225186e-02,-24.710709
2.963000e+10,9.26517367e-01,-1.50345758e-01,-0.550052,-9.217034,-5.10021374e-02,-2.79268101e-02,-24.709388
2.964000e+10,9.26508188e-01,-1.50384396e-01,-0.550079,-9.219452,-5.10099009e-02,-2.79310569e-02,-24.708066
2.965000e+10,9.26499188e-01,-1.50423020e-01,-0.550104,-9.221867,-5.10176495e-02,-2.79353410e-02,-24.706744
2.966000e+10,9.26490307e-01,-1.50461614e-01,-0.550128,-9.224279,-5.10253981e-02,-2.79396102e-02,-24.705423
2.967000e+10,9.26481128e-01,-1.50500178e-01,-0.550154,-9.226693,-5.10331467e-02,-2.79439092e-02,-24.704100
2.968000e+10,9.26472187e-01,-1.50538877e-01,-0.550178,-9.229112,-5.10408655e-02,-2.79481933e-02,-24.702782
2.969000e+10,9.26463008e-01,-1.50577515e-01,-0.550205,-9.231530,-5.10486290e-02,-2.79524699e-02,-24.701459
2.970000e+10,9.26453948e-01,-1.50616124e-01,-0.550230,-9.233945,-5.10563478e-02,-2.79567465e-02,-24.700143
2.971000e+10,9.26445007e-01,-1.50654718e-01,-0.550255,-9.236358,-5.10640815e-02,-2.79610083e-02,-24.698825
2.972000e+10,9.26435769e-01,-1.50693327e-01,-0.550282,-9.238774,-5.10718003e-02,-2.79652998e-02,-24.697508
2.973000e+10,9.26426768e-01,-1.50731951e-01,-0.550307,-9.241190,-5.10795489e-02,-2.79695839e-02,-24.696187
2.974000e+10,9.26417708e-01,-1.50770560e-01,-0.550332,-9.243605,-5.10872602e-02,-2.79737934e-02,-24.694877
2.975000e+10,9.26408768e-01,-1.50809169e-01,-0.550356,-9.246019,-5.10949939e-02,-2.79781073e-02,-24.693556
2.976000e+10,9.26399589e-01,-1.50847808e-01,-0.550383,-9.248437,-5.11027351e-02,-2.79823616e-02,-24.692239
2.977000e+10,9.26390648e-01,-1.50886372e-01,-0.550407,-9.250848,-5.11104241e-02,-2.79866308e-02,-24.690928
2.978000e+10,9.26381588e-01,-1.50924981e-01,-0.550432,-9.253263,-5.11181578e-02,-2.79909223e-02,-24.689610
2.979000e+10,9.26372409e-01,-1.50963575e-01,-0.550459,-9.255678,-5.11258468e-02,-2.79951915e-02,-24.688299
2.980000e+10,9.26363409e-01,-1.51002198e-01,-0.550483,-9.258094,-5.11335805e-02,-2.79994383e-02,-24.686985
2.981000e+10,9.26354408e-01,-1.51040792e-01,-0.550508,-9.260508,-5.11413068e-02,-2.80036926e-02,-24.685671
2.982000e+10,9.26345348e-01,-1.51079401e-01,-0.550533,-9.262923,-5.11489809e-02,-2.80079991e-02,-24.684360
2.983000e+10,9.26336527e-01,-1.51117980e-01,-0.550556,-9.265334,-5.11567071e-02,-2.80122533e-02,-24.683046
2.984000e+10,9.26327109e-01,-1.51156604e-01,-0.550585,-9.267753,-5.11643961e-02,-2.80165151e-02,-24.681737
2.985000e+10,9.26317990e-01,-1.51195198e-01,-0.550611,-9.270168,-5.11721447e-02,-2.80207768e-02,-24.680420
2.986000e+10,9.26309168e-01,-1.51233763e-01,-0.550634,-9.272578,-5.11797965e-02,-2.80250534e-02,-24.679116
2.987000e+10,9.26300049e-01,-1.51272342e-01,-0.550659,-9.274992,-5.11874855e-02,-2.80293077e-02,-24.677808
2.988000e+10,9.26290989e-01,-1.51311055e-01,-0.550684,-9.277414,-5.11951819e-02,-2.80335695e-02,-24.676498
2.989000e+10,9.26281929e-01,-1.51349604e-01,-0.550710,-9.279826,-5.12029007e-02,-2.80378312e-02,-24.675186
2.990000e+10,9.26272750e-01,-1.51388124e-01,-0.550736,-9.282237,-5.12105674e-02,-2.80420929e-02,-24.673881
2.991000e+10,9.26263809e-01,-1.51426747e-01,-0.550760,-9.284652,-5.12182564e-02,-2.80463621e-02,-24.672573
2.992000e+10,9.26254869e-01,-1.51465356e-01,-0.550784,-9.287066,-5.12259528e-02,-2.80506089e-02,-24.671266
2.993000e+10,9.26245689e-01,-1.51503861e-01,-0.550810,-9.289476,-5.12336418e-02,-2.80548632e-02,-24.669959
2.994000e+10,9.26236689e-01,-1.51542559e-01,-0.550835,-9.291896,-5.12413010e-02,-2.80591398e-02,-24.668655
2.995000e+10,9.26227629e-01,-1.51581049e-01,-0.550860,-9.294304,-5.12490049e-02,-2.80633718e-02,-24.667348
2.996000e+10,9.26218629e-01,-1.51619613e-01,-0.550884,-9.296716,-5.12566417e-02,-2.80676261e-02,-24.666048
2.997000e+10,9.26209509e-01,-1.51658222e-01,-0.550910,-9.299132,-5.12643382e-02,-2.80718803e-02,-24.664741
2.998000e+10,9.26200390e-01,-1.51696816e-01,-0.550936,-9.301547,-5.12719974e-02,-2.80761421e-02,-24.663439
2.999000e+10,9.26191449e-01,-1.51735380e-01,-0.550960,-9.303959,-5.12796566e-02,-2.80804113e-02,-24.662136
3.000000e+10,9.26182270e-01,-1.51773974e-01,-0.550986,-9.306375,-5.12873158e-02,-2.80846432e-02,-24.660836
3.001000e+10,9.26173329e-01,-1.51812434e-01,-0.551010,-9.308780,-5.12949973e-02,-2.80889049e-02,-24.659532
3.002000e+10,9.26164269e-01,-1.51851028e-01,-0.551035,-9.311194,-5.13026342e-02,-2.80931294e-02,-24.658235
3.003000e+10,9.26155090e-01,-1.51889622e-01,-0.551061,-9.313610,-5.13103232e-02,-2.80973837e-02,-24.656931
3.004000e+10,9.26146090e-01,-1.51928201e-01,-0.551085,-9.316023,-5.13179973e-02,-2.81016603e-02,-24.655626
3.005000e+10,9.26136971e-01,-1.51966780e-01,-0.551111,-9.318438,-5.13256118e-02,-2.81058922e-02,-24.654333
3.006000e+10,9.26127970e-01,-1.52005345e-01,-0.551135,-9.320850,-5.13333008e-02,-2.81101614e-02,-24.653028
3.007000e+10,9.26118910e-01,-1.52043834e-01,-0.551160,-9.323258,-5.13409153e-02,-2.81144008e-02,-24.651735
3.008000e+10,9.26109910e-01,-1.52082458e-01,-0.551184,-9.325674,-5.13485521e-02,-2.81186402e-02,-24.650439
3.009000e+10,9.26100731e-01,-1.52120963e-01,-0.551210,-9.328084,-5.13562337e-02,-2.81228870e-02,-24.649136
3.010000e+10,9.26091790e-01,-1.52159557e-01,-0.551234,-9.330498,-5.13638332e-02,-2.81271338e-02,-24.647845
3.011000e+10,9.26082730e-01,-1.52198076e-01,-0.551259,-9.332908,-5.13714999e-02,-2.81313583e-02,-24.646547
3.012000e+10,9.26073790e-01,-1.52236581e-01,-0.551283,-9.335316,-5.13791218e-02,-2.81356499e-02,-24.645250
3.013000e+10,9.26064491e-01,-1.52275175e-01,-0.551310,-9.337733,-5.13867959e-02,-2.81398743e-02,-24.643951
3.014000e+10,9.26055431e-01,-1.52313769e-01,-0.551335,-9.340148,-5.13944030e-02,-2.81441063e-02,-24.642661
3.015000e+10,9.26046491e-01,-1.52352303e-01,-0.551358,-9.342558,-5.14020100e-02,-2.81483606e-02,-24.641369
3.016000e+10,9.26037371e-01,-1.52390823e-01,-0.551384,-9.344969,-5.14096692e-02,-2.81525925e-02,-24.640072
3.017000e+10,9.26028430e-01,-1.52429357e-01,-0.551408,-9.347379,-5.14172837e-02,-2.81568244e-02,-24.638781
3.018000e+10,9.26019192e-01,-1.52467892e-01,-0.551434,-9.349792,-5.14248908e-02,-2.81610712e-02,-24.637490
3.019000e+10,9.26010251e-01,-1.52506471e-01,-0.551458,-9.352204,-5.14325202e-02,-2.81653181e-02,-24.636197
3.020000e+10,9.26001251e-01,-1.52545005e-01,-0.551482,-9.354615,-5.14401421e-02,-2.81695426e-02,-24.634906
3.021000e+10,9.25992250e-01,-1.52583480e-01,-0.551506,-9.357022,-5.14477789e-02,-2.81737968e-02,-24.633612
3.022000e+10,9.25983191e-01,-1.52622074e-01,-0.551531,-9.359437,-5.14553487e-02,-2.81780139e-02,-24.632329
3.023000e+10,9.25974131e-01,-1.52660593e-01,-0.551556,-9.361847,-5.14629856e-02,-2.81822905e-02,-24.631033
3.024000e+10,9.25964952e-01,-1.52699098e-01,-0.551581,-9.364258,-5.14705703e-02,-2.81864926e-02,-24.629749
3.025000e+10,9.25955951e-01,-1.52737662e-01,-0.551606,-9.366670,-5.14782295e-02,-2.81907395e-02,-24.628453
3.026000e+10,9.25946951e-01,-1.52776137e-01,-0.551630,-9.369077,-5.14857993e-02,-2.81949639e-02,-24.627171
3.027000e+10,9.25937772e-01,-1.52814656e-01,-0.551656,-9.371489,-5.14934063e-02,-2.81992182e-02,-24.625881
3.028000e+10,9.25928712e-01,-1.52853176e-01,-0.551680,-9.373899,-5.15009984e-02,-2.82034278e-02,-24.624597
3.029000e+10,9.25919771e-01,-1.52891770e-01,-0.551704,-9.376313,-5.15086278e-02,-2.82076746e-02,-24.623305
3.030000e+10,9.25910532e-01,-1.52930290e-01,-0.551730,-9.378725,-5.15161976e-02,-2.82119289e-02,-24.622021
3.031000e+10,9.25901651e-01,-1.52968735e-01,-0.551753,-9.381129,-5.15237674e-02,-2.82161310e-02,-24.620741
3.032000e+10,9.25892711e-01,-1.53007284e-01,-0.551777,-9.383540,-5.15313670e-02,-2.82203555e-02,-24.619455
3.033000e+10,9.25883591e-01,-1.53045774e-01,-0.551802,-9.385950,-5.15389740e-02,-2.82245800e-02,-24.618169
3.034000e+10,9.25874531e-01,-1.53084323e-01,-0.551826,-9.388362,-5.15465587e-02,-2.82288119e-02,-24.616885
3.035000e+10,9.25865471e-01,-1.53122857e-01,-0.551851,-9.390773,-5.15541583e-02,-2.82330513e-02,-24.615599
3.036000e+10,9.25856352e-01,-1.53161362e-01,-0.551876,-9.393184,-5.15617207e-02,-2.82372758e-02,-24.614319
3.037000e+10,9.25847352e-01,-1.53199852e-01,-0.551900,-9.395592,-5.15692756e-02,-2.82414928e-02,-24.613041
3.038000e+10,9.25838351e-01,-1.53238431e-01,-0.551924,-9.398005,-5.15768752e-02,-2.82457620e-02,-24.611754
3.039000e+10,9.25829291e-01,-1.53276876e-01,-0.551948,-9.400411,-5.15844449e-02,-2.82499790e-02,-24.610474
3.040000e+10,9.25820291e-01,-1.53315425e-01,-0.551972,-9.402823,-5.15920147e-02,-2.82541960e-02,-24.609194
3.041000e+10,9.25811172e-01,-1.53353885e-01,-0.551997,-9.405231,-5.15995920e-02,-2.82583982e-02,-24.607915
3.042000e+10,9.25801992e-01,-1.53392315e-01,-0.552023,-9.407637,-5.16071543e-02,-2.82626525e-02,-24.606634
3.043000e+10,9.25793052e-01,-1.53430864e-01,-0.552046,-9.410048,-5.16147092e-02,-2.82668769e-02,-24.605357
3.044000e+10,9.25783932e-01,-1.53469384e-01,-0.552071,-9.412460,-5.16222641e-02,-2.82711238e-02,-24.604078
3.045000e+10,9.25774992e-01,-1.53507888e-01,-0.552095,-9.414868,-5.16298339e-02,-2.82753184e-02,-24.602800
3.046000e+10,9.25766110e-01,-1.53546453e-01,-0.552117,-9.417280,-5.16373813e-02,-2.82795206e-02,-24.601526
3.047000e+10,9.25756812e-01,-1.53584957e-01,-0.552144,-9.419692,-5.16449586e-02,-2.82837525e-02,-24.600246
3.048000e+10,9.25747871e-01,-1.53623357e-01,-0.552168,-9.422094,-5.16524687e-02,-2.82879695e-02,-24.598975
3.049000e+10,9.25738573e-01,-1.53661892e-01,-0.552194,-9.424508,-5.16600683e-02,-2.82922015e-02,-24.597692
3.050000e+10,9.25729632e-01,-1.53700382e-01,-0.552217,-9.426916,-5.16675785e-02,-2.82964185e-02,-24.596422
3.051000e+10,9.25720572e-01,-1.53738827e-01,-0.552242,-9.429322,-5.16751409e-02,-2.83006057e-02,-24.595148
3.052000e+10,9.25711453e-01,-1.53777346e-01,-0.552267,-9.431733,-5.16826659e-02,-2.83048525e-02,-24.593874
3.053000e+10,9.25702572e-01,-1.53815851e-01,-0.552289,-9.434142,-5.16902283e-02,-2.83090472e-02,-24.592600
3.054000e+10,9.25693393e-01,-1.53854281e-01,-0.552315,-9.436548,-5.16977683e-02,-2.83132493e-02,-24.591328
3.055000e+10,9.25684452e-01,-1.53892815e-01,-0.552338,-9.438959,-5.17053083e-02,-2.83174887e-02,-24.590053
3.056000e+10,9.25675273e-01,-1.53931275e-01,-0.552363,-9.441367,-5.17128482e-02,-2.83216834e-02,-24.588782
3.057000e+10,9.25666273e-01,-1.53969765e-01,-0.552387,-9.443775,-5.17203733e-02,-2.83259302e-02,-24.587509
3.058000e+10,9.25657272e-01,-1.54008195e-01,-0.552411,-9.446180,-5.17278835e-02,-2.83301175e-02,-24.586243
3.059000e+10,9.25648212e-01,-1.54046774e-01,-0.552435,-9.448595,-5.17353937e-02,-2.83343345e-02,-24.584975
3.060000e+10,9.25639212e-01,-1.54085174e-01,-0.552459,-9.450998,-5.17429262e-02,-2.83385515e-02,-24.583704
3.061000e+10,9.25630212e-01,-1.54123634e-01,-0.552483,-9.453404,-5.17504513e-02,-2.83427536e-02,-24.582435
3.062000e+10,9.25621033e-01,-1.54162109e-01,-0.552508,-9.455814,-5.17579988e-02,-2.83469558e-02,-24.581163
3.063000e+10,9.25612092e-01,-1.54200643e-01,-0.552531,-9.458224,-5.17654791e-02,-2.83511803e-02,-24.579899
3.064000e+10,9.25602913e-01,-1.54239088e-01,-0.552556,-9.460632,-5.17730042e-02,-2.83553973e-02,-24.578630
3.065000e+10,9.25593853e-01,-1.54277489e-01,-0.552581,-9.463036,-5.17805293e-02,-2.83596143e-02,-24.577360
3.066000e+10,9.25584793e-01,-1.54316023e-01,-0.552605,-9.465448,-5.17880246e-02,-2.83638015e-02,-24.576097
3.067000e+10,9.25575793e-01,-1.54354468e-01,-0.552628,-9.467853,-5.17955422e-02,-2.83679813e-02,-24.574832
3.068000e+10,9.25566733e-01,-1.54392824e-01,-0.552653,-9.470254,-5.18030375e-02,-2.83722207e-02,-24.573566
3.069000e+10,9.25557733e-01,-1.54431403e-01,-0.552676,-9.472668,-5.18105701e-02,-2.83764154e-02,-24.572298
3.070000e+10,9.25548792e-01,-1.54469833e-01,-0.552699,-9.475073,-5.18180653e-02,-2.83806249e-02,-24.571034
3.071000e+10,9.25539732e-01,-1.54508248e-01,-0.552723,-9.477478,-5.18255755e-02,-2.83848345e-02,-24.569769
3.072000e+10,9.25530672e-01,-1.54546738e-01,-0.552747,-9.479887,-5.18330559e-02,-2.83890218e-02,-24.568509
3.073000e+10,9.25521493e-01,-1.54585227e-01,-0.552772,-9.482297,-5.18405586e-02,-2.83932537e-02,-24.567243
3.074000e+10,9.25512373e-01,-1.54623657e-01,-0.552797,-9.484703,-5.18480390e-02,-2.83974409e-02,-24.565983
3.075000e+10,9.25503433e-01,-1.54662088e-01,-0.552820,-9.487108,-5.18555120e-02,-2.84016505e-02,-24.564723
3.076000e+10,9.25494432e-01,-1.54700577e-01,-0.552843,-9.489517,-5.18630221e-02,-2.84058526e-02,-24.563459
3.077000e+10,9.25485253e-01,-1.54738978e-01,-0.552869,-9.491922,-5.18705174e-02,-2.84100398e-02,-24.562198
3.078000e+10,9.25476074e-01,-1.54777467e-01,-0.552894,-9.494332,-5.18779978e-02,-2.84142494e-02,-24.560938
3.079000e+10,9.25467253e-01,-1.54815868e-01,-0.552916,-9.496734,-5.18854633e-02,-2.84184515e-02,-24.559680
3.080000e+10,9.25458193e-01,-1.54854298e-01,-0.552940,-9.499139,-5.18929139e-02,-2.84226313e-02,-24.558426
3.081000e+10,9.25449133e-01,-1.54892743e-01,-0.552964,-9.501546,-5.19003943e-02,-2.84268260e-02,-24.557167
3.082000e+10,9.25440133e-01,-1.54931203e-01,-0.552987,-9.503953,-5.19079119e-02,-2.84310430e-02,-24.555902
3.083000e+10,9.25431013e-01,-1.54969662e-01,-0.553011,-9.506361,-5.19153550e-02,-2.84352303e-02,-24.554649
3.084000e+10,9.25421953e-01,-1.55008152e-01,-0.553035,-9.508770,-5.19227907e-02,-2.84394324e-02,-24.553395
3.085000e+10,9.25413072e-01,-1.55046493e-01,-0.553058,-9.511169,-5.19303158e-02,-2.84436271e-02,-24.552132
3.086000e+10,9.25403833e-01,-1.55084997e-01,-0.553083,-9.513581,-5.19377664e-02,-2.84478292e-02,-24.550877
3.087000e+10,9.25394773e-01,-1.55123413e-01,-0.553107,-9.515986,-5.19452170e-02,-2.84520015e-02,-24.549625
3.088000e+10,9.25385892e-01,-1.55161783e-01,-0.553129,-9.518387,-5.19526601e-02,-2.84562111e-02,-24.548371
3.089000e+10,9.25376654e-01,-1.55200213e-01,-0.553155,-9.520794,-5.19601256e-02,-2.84603834e-02,-24.547117
3.090000e+10,9.25367713e-01,-1.55238688e-01,-0.553178,-9.523202,-5.19676432e-02,-2.84646004e-02,-24.545853
3.091000e+10,9.25358653e-01,-1.55277044e-01,-0.553202,-9.525603,-5.19750491e-02,-2.84687728e-02,-24.544607
3.092000e+10,9.25349593e-01,-1.55315533e-01,-0.553225,-9.528012,-5.19824699e-02,-2.84729674e-02,-24.543358
3.093000e+10,9.25340533e-01,-1.55353993e-01,-0.553249,-9.530420,-5.19899130e-02,-2.84771472e-02,-24.542107
3.094000e+10,9.25331593e-01,-1.55392379e-01,-0.553272,-9.532822,-5.19973561e-02,-2.84813493e-02,-24.540855
3.095000e+10,9.25322413e-01,-1.55430824e-01,-0.553297,-9.535230,-5.20048216e-02,-2.84855664e-02,-24.539599
3.096000e+10,9.25313354e-01,-1.55469209e-01,-0.553321,-9.537633,-5.20122275e-02,-2.84897089e-02,-24.538356
3.097000e+10,9.25304294e-01,-1.55507639e-01,-0.553344,-9.540039,-5.20197004e-02,-2.84939259e-02,-24.537100
3.098000e+10,9.25295115e-01,-1.55546010e-01,-0.553369,-9.542443,-5.20271286e-02,-2.84981057e-02,-24.535852
3.099000e+10,9.25286293e-01,-1.55584440e-01,-0.553391,-9.544846,-5.20345941e-02,-2.85022780e-02,-24.534599
3.100000e+10,9.25277174e-01,-1.55622885e-01,-0.553415,-9.547254,-5.20420149e-02,-2.85064653e-02,-24.533352
3.101000e+10,9.25268173e-01,-1.55661285e-01,-0.553438,-9.549658,-5.20494208e-02,-2.85106450e-02,-24.532108
3.102000e+10,9.25259113e-01,-1.55699670e-01,-0.553462,-9.552061,-5.20568639e-02,-2.85148397e-02,-24.530857
3.103000e+10,9.25250053e-01,-1.55738086e-01,-0.553486,-9.554466,-5.20642623e-02,-2.85190120e-02,-24.529615
3.104000e+10,9.25240993e-01,-1.55776501e-01,-0.553509,-9.556871,-5.20716831e-02,-2.85232142e-02,-24.528367
3.105000e+10,9.25231993e-01,-1.55814931e-01,-0.553532,-9.559277,-5.20791188e-02,-2.85273790e-02,-24.527120
3.106000e+10,9.25222874e-01,-1.55853376e-01,-0.553557,-9.561684,-5.20865396e-02,-2.85315588e-02,-24.525875
3.107000e+10,9.25214052e-01,-1.55891716e-01,-0.553578,-9.564082,-5.20939454e-02,-2.85357386e-02,-24.524631
3.108000e+10,9.25204754e-01,-1.55930102e-01,-0.553604,-9.566488,-5.21013439e-02,-2.85399631e-02,-24.523386
3.109000e+10,9.25195694e-01,-1.55968547e-01,-0.553628,-9.568895,-5.21087721e-02,-2.85440981e-02,-24.522143
3.110000e+10,9.25186694e-01,-1.56006962e-01,-0.553651,-9.571300,-5.21161780e-02,-2.85483077e-02,-24.520898
3.111000e+10,9.25177455e-01,-1.56045333e-01,-0.553676,-9.573704,-5.21235839e-02,-2.85524800e-02,-24.519655
3.112000e+10,9.25168574e-01,-1.56083718e-01,-0.553698,-9.576106,-5.21309674e-02,-2.85566524e-02,-24.518416
3.113000e+10,9.25159633e-01,-1.56122133e-01,-0.553720,-9.578510,-5.21383882e-02,-2.85608172e-02,-24.517173
3.114000e+10,9.25150692e-01,-1.56160459e-01,-0.553743,-9.580909,-5.21457568e-02,-2.85649896e-02,-24.515936
3.115000e+10,9.25141394e-01,-1.56198874e-01,-0.553769,-9.583316,-5.21531776e-02,-2.85691693e-02,-24.514692
3.116000e+10,9.25132275e-01,-1.56237319e-01,-0.553793,-9.585724,-5.21605834e-02,-2.85733417e-02,-24.513450
3.117000e+10,9.25123394e-01,-1.56275645e-01,-0.553814,-9.588122,-5.21679819e-02,-2.85775438e-02,-24.512208
3.118000e+10,9.25114214e-01,-1.56313986e-01,-0.553839,-9.590524,-5.21753654e-02,-2.85816938e-02,-24.510971
3.119000e+10,9.25105214e-01,-1.56352401e-01,-0.553862,-9.592929,-5.21827117e-02,-2.85858884e-02,-24.509736
3.120000e+10,9.25096214e-01,-1.56390801e-01,-0.553885,-9.595333,-5.21901175e-02,-2.85900459e-02,-24.508497
3.121000e+10,9.25086975e-01,-1.56429231e-01,-0.553910,-9.597741,-5.21975085e-02,-2.85942256e-02,-24.507257
3.122000e+10,9.25078154e-01,-1.56467587e-01,-0.553931,-9.600140,-5.22049144e-02,-2.85983905e-02,-24.506018
3.123000e+10,9.25068974e-01,-1.56505942e-01,-0.553956,-9.602543,-5.22122905e-02,-2.86025554e-02,-24.504782
3.124000e+10,9.25059915e-01,-1.56544328e-01,-0.553979,-9.604947,-5.22196367e-02,-2.86067203e-02,-24.503550
3.125000e+10,9.25050974e-01,-1.56582713e-01,-0.554002,-9.607349,-5.22270277e-02,-2.86108777e-02,-24.502313
3.126000e+10,9.25041914e-01,-1.56621009e-01,-0.554025,-9.609748,-5.22343814e-02,-2.86150649e-02,-24.501079
3.127000e+10,9.25032854e-01,-1.56659454e-01,-0.554048,-9.612155,-5.22417575e-02,-2.86192298e-02,-24.499844
3.128000e+10,9.25023794e-01,-1.56697780e-01,-0.554072,-9.614555,-5.22491336e-02,-2.86233947e-02,-24.498609
3.129000e+10,9.25014853e-01,-1.56736195e-01,-0.554094,-9.616959,-5.22564873e-02,-2.86275446e-02,-24.497378
3.130000e+10,9.25005674e-01,-1.56774521e-01,-0.554119,-9.619360,-5.22638410e-02,-2.86317095e-02,-24.496146
3.131000e+10,9.24996614e-01,-1.56812891e-01,-0.554142,-9.621763,-5.22711948e-02,-2.86358967e-02,-24.494913
3.132000e+10,9.24987674e-01,-1.56851217e-01,-0.554164,-9.624162,-5.22785708e-02,-2.86400691e-02,-24.493678
3.133000e+10,9.24978614e-01,-1.56889647e-01,-0.554187,-9.626569,-5.22859320e-02,-2.86442414e-02,-24.492445
3.134000e+10,9.24969435e-01,-1.56927988e-01,-0.554212,-9.628971,-5.22933006e-02,-2.86483988e-02,-24.491213
3.135000e+10,9.24960375e-01,-1.56966329e-01,-0.554235,-9.631372,-5.23006096e-02,-2.86525562e-02,-24.489988
3.136000e+10,9.24951434e-01,-1.57004669e-01,-0.554257,-9.633772,-5.23079485e-02,-2.86567062e-02,-24.488761
3.137000e+10,9.24942315e-01,-1.57043055e-01,-0.554281,-9.636176,-5.23153022e-02,-2.86608860e-02,-24.487529
3.138000e+10,9.24933314e-01,-1.57081455e-01,-0.554304,-9.638580,-5.23226485e-02,-2.86650434e-02,-24.486300
3.139000e+10,9.24924254e-01,-1.57119781e-01,-0.554327,-9.640980,-5.23300096e-02,-2.86691859e-02,-24.485070
3.140000e+10,9.24915135e-01,-1.57158151e-01,-0.554351,-9.643384,-5.23373336e-02,-2.86733434e-02,-24.483845
3.141000e+10,9.24906135e-01,-1.57196432e-01,-0.554373,-9.645781,-5.23446575e-02,-2.86774933e-02,-24.482620
3.142000e+10,9.24897194e-01,-1.57234848e-01,-0.554395,-9.648185,-5.23519889e-02,-2.86816731e-02,-24.481392
3.143000e+10,9.24888134e-01,-1.57273188e-01,-0.554419,-9.650586,-5.23593426e-02,-2.86858007e-02,-24.480165
3.144000e+10,9.24879074e-01,-1.57311514e-01,-0.554442,-9.652987,-5.23666516e-02,-2.86899805e-02,-24.478940
3.145000e+10,9.24869895e-01,-1.57349825e-01,-0.554466,-9.655387,-5.23739979e-02,-2.86941603e-02,-24.477711
3.146000e+10,9.24860954e-01,-1.57388195e-01,-0.554488,-9.657789,-5.23813292e-02,-2.86983103e-02,-24.476486
3.147000e+10,9.24851775e-01,-1.57426506e-01,-0.554512,-9.660190,-5.23886159e-02,-2.87024602e-02,-24.475267
3.148000e+10,9.24842894e-01,-1.57464862e-01,-0.554534,-9.662590,-5.23959473e-02,-2.87066102e-02,-24.474042
3.149000e+10,9.24833775e-01,-1.57503098e-01,-0.554558,-9.664986,-5.24032116e-02,-2.87107676e-02,-24.472825
3.150000e+10,9.24824715e-01,-1.57541543e-01,-0.554581,-9.667393,-5.24106100e-02,-2.87148952e-02,-24.471594
